feature_id,plane,sheet,l1_feature,l2_feature,l2_description,intended_user_outcome,semantic_owner,product_subsystem,runtime_implementer,execution_mechanism,implementation_decision,existing_ai4rnd_implementation,existing_jiuwen_implementation,reusable_evidence,missing_work,persistence_authority,data_graph,verification_authority,acceptance_evidence_or_test,product_surface,delivery_phase,confidence,evidence_class,implementation_slices,assumptions_open_questions
WF-01,Workflow,Workflow Features,Ingestion,1. Request Capture,"Receives the user’s question, instruction, desired outcome, and requested deliverable as an intake candidate without prematurely treating it as a formal requirement.",A message on any channel creates a project record with the raw request preserved,AI4RnD Core,Intake plane,JiuwenSwarm Application,DeepAgent (session turn),EXTEND,Intake handled by coordinator.sh polling loop + tmux panes,Gateway + 9 IM channels + session creation carry request capture,"jw-src/jiuwenswarm/gateway/, agents/harness/common/session_ops_service.py",Bind a captured request to an AI4RnD project record and Contract draft,JiuwenSwarm session store + AI4RnD intake ledger,Trace graph,AI4RnD intake qualification rules,A message on any channel creates a project record with the raw request preserved,Chat / channel + project intake view,P1,HIGH,SRC,,
WF-02,Workflow,Workflow Features,Ingestion,2. Qualified Channel Signal Intake,"Accepts a V-05-qualified Slack or internal-tool clue with its permitted context, sensitivity, relevance, and provenance; raw channel traffic remains outside Workflow.",An unqualified clue is rejected with a stated reason,AI4RnD Core,Intake plane,JiuwenSwarm Application,DeepAgent (session turn),BUILD,"Channel signal intake exists for social/GitHub sources, not V-05-qualified Slack",Slack channel adapter exists; no qualification tier,jw-src/jiuwenswarm/gateway/channel_manager/,V-05 qualification tier and clue schema,JiuwenSwarm session store + AI4RnD intake ledger,,AI4RnD intake qualification rules,An unqualified clue is rejected with a stated reason,Chat / channel + project intake view,P1,MEDIUM,INF,,Workbook references a 'V-05' qualification level defined outside the workbook; definition unresolved
WF-03,Workflow,Workflow Features,Ingestion,3. User-Supplied Material Import,"Imports documents, uploads, pasted content, datasets, and explicit file, repository, or URL references supplied by the user; related-source discovery belongs to Search & Ideation.",An uploaded PDF appears in the evidence ledger with a content hash,AI4RnD Core,Intake plane,JiuwenSwarm Application,DeepAgent (session turn),REUSE,File ingest via harness tools,Parser registry loads xlsx/csv/pdf/docx/md/html/json/images at import time,openjiuwen parser registration (observed on every process start),Attach imported material to the project record as first-class evidence,JiuwenSwarm session store + AI4RnD intake ledger,,AI4RnD intake qualification rules,An uploaded PDF appears in the evidence ledger with a content hash,Chat / channel + project intake view,P1,HIGH,SRC,,
WF-04,Workflow,Workflow Features,Ingestion,4. Intake Context Binding,"Binds the candidate to the authorized user, session, workspace, project, originating signal, and explicitly selected prior artifacts needed for interpretation.",A restarted agent server still resolves the session to its project,AI4RnD Core,Intake plane,JiuwenSwarm Application,DeepAgent (session turn),ADAPT,Session/pane binding via coordinator state machine,"Session, workspace and user binding in the gateway; team workspace layout",jw-src/jiuwenswarm/agents/harness/common/session_ops_service.py,project_id in session metadata; project<->session link that survives restart,JiuwenSwarm session store + AI4RnD intake ledger,,AI4RnD intake qualification rules,A restarted agent server still resolves the session to its project,Chat / channel + project intake view,P1,HIGH,SRC,,
WF-05,Workflow,Workflow Features,Ingestion,5. Real-Time Intake Deduplication & Cleaning,"Canonicalizes incoming candidates, filters malformed or noisy content, and merges replays, exact duplicates, and near-duplicates while preserving meaningful revisions and independent corroboration.",Two identical clues yield one candidate,AI4RnD Core,Intake plane,JiuwenSwarm Application,DeepAgent (session turn),PORT,Deduplication in the ingestion tools,No intake-level dedup,AI4Research harness ingest tooling,Canonicalisation rules for research intake,JiuwenSwarm session store + AI4RnD intake ledger,,AI4RnD intake qualification rules,Two identical clues yield one candidate,Chat / channel + project intake view,P1,MEDIUM,SRC,,
WF-06,Workflow,Workflow Features,Ingestion,6. Intake Provenance Registration,"Records origin, identity, version, timestamp, access path, acquisition mode, and transformations for every accepted intake input.",Every intake candidate resolves to a source with a byte offset,AI4RnD Core,Intake plane,JiuwenSwarm Application,DeepAgent (session turn),PORT,Evidence ledger records provenance with citation spans (117 LOC lib/evidence_ledger.py),No provenance concept at intake,AI4Research harness/lib/evidence_ledger.py; executed standalone in V-10,Bind intake provenance to the ledger at capture time,JiuwenSwarm session store + AI4RnD intake ledger,Trace graph,AI4RnD intake qualification rules,Every intake candidate resolves to a source with a byte offset,Chat / channel + project intake view,P1,HIGH,EXEC,,
WF-07,Workflow,Workflow Features,Ingestion,7. Intake Qualification,"Checks accessibility, authorization, readability, and minimum completeness, then emits a qualified intake package or an explicit rejection or quarantine reason.",A disqualified intake never reaches compilation,AI4RnD Core,Intake plane,JiuwenSwarm Application,DeepAgent (session turn),ADAPT,"Gate ledger provides append-only, writer-attributed qualification decisions",No qualification stage,AI4Research harness/lib/gate_ledger.py (372 LOC),Intake qualification rule set and its gate,JiuwenSwarm session store + AI4RnD intake ledger,,AI4RnD intake qualification rules,A disqualified intake never reaches compilation,Chat / channel + project intake view,P1,MEDIUM,SRC,,
WF-08,Workflow,Workflow Features,Requirement compilation,1. Intent Interpretation,"Determines the user’s actual problem, desired change, audience, decision, and deliverable without selecting an opportunity or solution.",An ambiguous request produces an explicit interpretation the user can correct,AI4RnD Core,Intention Compiler,AI4RnD Core,DeepAgent (bounded agent work),ADAPT,Requirement compiler present (lib/research/deepdive_requirement_compiler.py),"WorkflowController.intent_detection classifies intent for routing, not for R&D meaning",AI4Research lib/research/deepdive_requirement_compiler.py; openjiuwen workflow_controller.py,Map compiled intent onto the Contract schema,AI4RnD project Contract record,,AI4RnD Contract acceptance check,An ambiguous request produces an explicit interpretation the user can correct,Project view - Contract panel,P1,HIGH,SRC,,
WF-09,Workflow,Workflow Features,Requirement compilation,2. Context Scoping,"Resolves applicable context, affected entities, time horizon, inclusions, exclusions, and the boundary of the decision to support.",Out-of-scope work is refused with a reason,AI4RnD Core,Intention Compiler,AI4RnD Core,DeepAgent (bounded agent work),ADAPT,Context scoping in the requirement compiler,Session context + workspace scoping,AI4Research requirement compiler; Jiuwen session scope,Scope as a Contract field with an explicit boundary,AI4RnD project Contract record,,AI4RnD Contract acceptance check,Out-of-scope work is refused with a reason,Project view - Contract panel,P1,MEDIUM,SRC,,
WF-10,Workflow,Workflow Features,Requirement compilation,3. Ambiguity Resolution,"Finds missing information, conflicting instructions, undefined terms, and consequential assumptions and resolves them through focused questions or explicit defaults.",An ambiguous Contract cannot be confirmed,AI4RnD Core,Intention Compiler,AI4RnD Core,DeepAgent (bounded agent work),ADAPT,Ambiguity handling in the compiler,Human-interaction interrupt exists in Core Workflow and SwarmFlow human_session,openjiuwen workflow_config.handle_type='interrupt'; swarmflow human_session primitive,Ambiguity questions raised as a first-class blocking state,AI4RnD project Contract record,,AI4RnD Contract acceptance check,An ambiguous Contract cannot be confirmed,Project view - Contract panel,P1,MEDIUM,SRC,,
WF-11,Workflow,Workflow Features,Requirement compilation,4. Constraint Resolution,"Identifies and reconciles authorization, scope, time, cost, data, safety, policy, tool, environment, and output-format constraints with the user’s intended outcome.",A constraint that cannot be satisfied blocks planning,AI4RnD Core,Intention Compiler,AI4RnD Core,DeepAgent (bounded agent work),ADAPT,Constraint capture in the compiler,"Permission engine and jiuwenbox express runtime constraints, not research constraints",openjiuwen harness/security/tiered_policy.py,"Research constraint vocabulary (budget, time, data, IP)",AI4RnD project Contract record,,AI4RnD Contract acceptance check,A constraint that cannot be satisfied blocks planning,Project view - Contract panel,P1,MEDIUM,SRC,,
WF-12,Workflow,Workflow Features,Requirement compilation,5. Requirement Prioritization,"Separates mandatory outcomes, preferences, tradeable qualities, dependencies, exclusions, and deferred requests.",Requirements carry a stated priority order,AI4RnD Core,Intention Compiler,AI4RnD Core,DeepAgent (bounded agent work),BUILD,No explicit prioritisation stage,None,-,Requirement prioritisation model,AI4RnD project Contract record,,AI4RnD Contract acceptance check,Requirements carry a stated priority order,Project view - Contract panel,P1,MEDIUM,INF,,
WF-13,Workflow,Workflow Features,Requirement compilation,6. Acceptance Definition,"Defines observable success criteria, proof obligations, decision thresholds, failure conditions, and stopping rules.",Every Contract has machine-checkable acceptance criteria,AI4RnD Core,Intention Compiler,AI4RnD Core,DeepAgent (bounded agent work),ADAPT,Acceptance criteria in capsule contract postconditions,None,42 capsule manifests all carry contract.postconditions and contract.invariants,Project-level acceptance definition distinct from capsule-level,AI4RnD project Contract record,,AI4RnD Contract acceptance check,Every Contract has machine-checkable acceptance criteria,Project view - Contract panel,P1,HIGH,SRC,,
WF-14,Workflow,Workflow Features,Requirement compilation,7. Requirement Contract Confirmation,"Assembles a versioned contract with executable task semantics, presents consequential interpretations, and records user confirmation or authorized assumptions.",Work cannot start before the Contract is confirmed,AI4RnD Core,Intention Compiler,AI4RnD Core,DeepAgent (bounded agent work),BUILD,No explicit user confirmation step,Human interrupt mechanism available,openjiuwen interrupt handling,Contract confirmation gate with a durable record,AI4RnD project Contract record,Policy graph,AI4RnD Contract acceptance check,Work cannot start before the Contract is confirmed,Project view - Contract panel,P1,MEDIUM,INF,,
WF-15,Workflow,Workflow Features,Search & ideation,1. Search Strategy Formation,"Turns the requirement contract into technical themes, source families, queries, time horizons, counter-signals, diversity goals, and coverage targets.",The search strategy is inspectable before execution,AI4RnD Core,Discovery lane,AI4RnD-Jiuwen Integration,SwarmFlow (deterministic fan-out),PORT,Search strategy formation in the survey planner,"Symphony skill retrieval is capability search, not literature search",AI4Research lib/research/survey/planner.py,Strategy as a reviewable plan artifact,AI4RnD evidence ledger,,AI4RnD evidence + source qualification evaluators,The search strategy is inspectable before execution,Project view - evidence browser,P2,HIGH,SRC,,
WF-16,Workflow,Workflow Features,Search & ideation,2. Multi-Source Signal Discovery,"Uses parallel research agents to search open-source projects, papers, patents, standards, experts, think tanks, industry reports, big-tech dynamics, technical communities, the open web, and authorized internal history.",A discovery run returns sources from more than one modality,AI4RnD Core,Discovery lane,AI4RnD-Jiuwen Integration,SwarmFlow (deterministic fan-out),PORT,"Multi-source discovery implemented (arXiv, HF, GitHub, YouTube sources)",No literature sources,AI4Research lib/research/sources/,Compile discovery fan-out to SwarmFlow,AI4RnD evidence ledger,,AI4RnD evidence + source qualification evaluators,A discovery run returns sources from more than one modality,Project view - evidence browser,P2,HIGH,SRC,,
WF-17,Workflow,Workflow Features,Search & ideation,3. Source Qualification,"Screens discovered material for intent relevance, authority, recency, independence, incentives, duplication, access limits, and potential bias.",An unqualified source is excluded with a recorded reason,AI4RnD Core,Discovery lane,AI4RnD-Jiuwen Integration,SwarmFlow (deterministic fan-out),PORT,Source qualification in the research evaluator,None,AI4Research tools/research/evaluator.py,"Qualification thresholds as policy, not code constants",AI4RnD evidence ledger,,AI4RnD evidence + source qualification evaluators,An unqualified source is excluded with a recorded reason,Project view - evidence browser,P2,HIGH,EXEC,,
WF-18,Workflow,Workflow Features,Search & ideation,4. Technical Signal Extraction,"Extracts claims, data, methods, mechanisms, results, benchmarks, limitations, failures, dependencies, adoption signals, and unresolved questions.",Extracted signals validate against a schema,AI4RnD Core,Discovery lane,AI4RnD-Jiuwen Integration,SwarmFlow (deterministic fan-out),PORT,Technical signal extraction (extractors/),None,AI4Research lib/research/extractors/,Typed signal schema,AI4RnD evidence ledger,,AI4RnD evidence + source qualification evaluators,Extracted signals validate against a schema,Project view - evidence browser,P2,MEDIUM,SRC,,
WF-19,Workflow,Workflow Features,Search & ideation,5. Signal Organization,"Normalizes signals, binds provenance, clusters related findings, and maps convergence, divergence, dependencies, and opposing viewpoints.",Signals are grouped and the grouping is reproducible,AI4RnD Core,Discovery lane,AI4RnD-Jiuwen Integration,SwarmFlow (deterministic fan-out),PORT,Signal organisation in survey tooling,None,AI4Research lib/research/survey/,Projection into the concept graph,AI4RnD evidence ledger,Concept graph,AI4RnD evidence + source qualification evaluators,Signals are grouped and the grouping is reproducible,Project view - evidence browser,P2,MEDIUM,SRC,,
WF-20,Workflow,Workflow Features,Search & ideation,6. Trend & Gap Analysis,"Detects momentum, decay, contradictions, bottlenecks, missing capabilities, abandoned directions, and technical white spaces.",Each claimed gap cites the sources that establish it,AI4RnD Core,Discovery lane,AI4RnD-Jiuwen Integration,SwarmFlow (deterministic fan-out),PORT,Trend and gap analysis in survey tooling,None,AI4Research lib/research/survey/,Gap statements bound to evidence,AI4RnD evidence ledger,,AI4RnD evidence + source qualification evaluators,Each claimed gap cites the sources that establish it,Project view - evidence browser,P2,MEDIUM,SRC,,
WF-21,Workflow,Workflow Features,Search & ideation,7. Idea Generation,"Expands a diverse candidate set from signal clusters, gaps, adjacencies, cross-domain transfers, and contrarian combinations while retaining initial supporting and opposing evidence.",Generated ideas trace to the signals that motivated them,AI4RnD Core,Discovery lane,AI4RnD-Jiuwen Integration,SwarmFlow (deterministic fan-out),PORT,Idea generation capsule (cap.research-idea-generate),None,AI4Research capability-capsules/cap.research-idea-generate.yaml,Wire the capsule to a runner,AI4RnD evidence ledger,,AI4RnD evidence + source qualification evaluators,Generated ideas trace to the signals that motivated them,Project view - evidence browser,P2,MEDIUM,SRC,,
WF-22,Workflow,Workflow Features,Search & ideation,8. Search Coverage Review,"Tests source-family, technical, geographic, temporal, viewpoint, and counter-evidence coverage before the candidate space is allowed to narrow.","A search stops on a stated coverage criterion, not a fixed count",AI4RnD Core,Discovery lane,AI4RnD-Jiuwen Integration,SwarmFlow (deterministic fan-out),BUILD,No explicit coverage review,None,-,Coverage metric and stopping rule,AI4RnD evidence ledger,,AI4RnD evidence + source qualification evaluators,"A search stops on a stated coverage criterion, not a fixed count",Project view - evidence browser,P2,MEDIUM,INF,,
WF-23,Workflow,Workflow Features,Idea identification / screening / opportunity selection,1. Candidate Consolidation,"Combines parallel search outputs, resolves semantic duplicates, and preserves variants whose assumptions, evidence, or opportunity boundaries materially differ.",Duplicate candidates across runs merge deterministically,AI4RnD Core,Opportunity lane,AI4RnD Core,SwarmFlow (panel) + DeepAgent,BUILD,Partial - candidate handling inside ideation,None,-,Consolidation stage across discovery runs,AI4RnD opportunity store,,AI4RnD screening evaluators + gate ledger,Duplicate candidates across runs merge deterministically,Project view - opportunity portfolio,P4,MEDIUM,INF,,
WF-24,Workflow,Workflow Features,Idea identification / screening / opportunity selection,2. Idea Identification,Converts meaningful signal combinations and gaps into discrete candidate ideas with a recognizable technical or user value proposition.,Identified ideas carry a stable id reused downstream,AI4RnD Core,Opportunity lane,AI4RnD Core,SwarmFlow (panel) + DeepAgent,ADAPT,Idea evaluate capsule (cap.research-idea-evaluate),None,AI4Research capability-capsules/cap.research-idea-evaluate.yaml,Identification distinct from evaluation,AI4RnD opportunity store,,AI4RnD screening evaluators + gate ledger,Identified ideas carry a stable id reused downstream,Project view - opportunity portfolio,P4,MEDIUM,SRC,,
WF-25,Workflow,Workflow Features,Idea identification / screening / opportunity selection,3. Idea Card Formation,"Forms the governing Idea Card with the candidate’s opportunity, relevance, linked evidence, assumptions, novelty, uncertainty, risks, and open questions; evidence formation is part of this card.",Every opportunity has an Idea Card that validates against the schema,AI4RnD Core,Opportunity lane,AI4RnD Core,SwarmFlow (panel) + DeepAgent,BUILD,Absent - no idea_card symbol anywhere in the repository,None,grep for idea_card across AI4Research lib/ and tools/ returns 0 files,Idea Card schema and its editor,AI4RnD opportunity store,,AI4RnD screening evaluators + gate ledger,Every opportunity has an Idea Card that validates against the schema,Project view - opportunity portfolio,P4,HIGH,EXEC,,"Confirmed absent in this revision by direct search, matching the prior finding"
WF-26,Workflow,Workflow Features,Idea identification / screening / opportunity selection,4. Opportunity Definition,"States the unmet need, technical bottleneck, missing capability, unserved user, or unexploited combination that makes the idea actionable.",An opportunity references its ideas and its screening verdicts,AI4RnD Core,Opportunity lane,AI4RnD Core,SwarmFlow (panel) + DeepAgent,BUILD,No explicit opportunity object,None,-,Opportunity record distinct from idea,AI4RnD opportunity store,,AI4RnD screening evaluators + gate ledger,An opportunity references its ideas and its screening verdicts,Project view - opportunity portfolio,P4,MEDIUM,INF,,
WF-27,Workflow,Workflow Features,Idea identification / screening / opportunity selection,5. Technical Opportunity Screening,"Screens novelty, evidence maturity, reachable data, known mechanisms, technical feasibility, and the existence of a credible verification path.",A technically infeasible opportunity is blocked before claims are formed,AI4RnD Core,Opportunity lane,AI4RnD Core,SwarmFlow (panel) + DeepAgent,ADAPT,Technical screening inside idea evaluation,None,AI4Research capsule verification sections,Screening as a gate with a recorded verdict,AI4RnD opportunity store,,AI4RnD screening evaluators + gate ledger,A technically infeasible opportunity is blocked before claims are formed,Project view - opportunity portfolio,P4,MEDIUM,SRC,,
WF-28,Workflow,Workflow Features,Idea identification / screening / opportunity selection,6. Strategic Opportunity Screening,"Screens user or company value, timing, defensibility, strategic fit, adoption, safety, legal exposure, dependencies, and resource implications.",Strategic rejection is recorded with its criterion,AI4RnD Core,Opportunity lane,AI4RnD Core,SwarmFlow (panel) + DeepAgent,BUILD,No strategic screening,None,-,Strategic criteria and their owner,AI4RnD opportunity store,,AI4RnD screening evaluators + gate ledger,Strategic rejection is recorded with its criterion,Project view - opportunity portfolio,P4,LOW,INF,,Strategic criteria are organisation-specific; the workbook does not define them
WF-29,Workflow,Workflow Features,Idea identification / screening / opportunity selection,7. Opportunity Portfolio Prioritization,"Ranks and selects a bounded, diverse opportunity portfolio using transparent criteria and records why other directions were deferred or rejected.","Opportunities rank against each other, not only within a project",AI4RnD Core,Opportunity lane,AI4RnD Core,SwarmFlow (panel) + DeepAgent,BUILD,No portfolio view,None,-,Portfolio prioritisation across projects,AI4RnD opportunity store,,AI4RnD screening evaluators + gate ledger,"Opportunities rank against each other, not only within a project",Project view - opportunity portfolio,P4,MEDIUM,INF,,
WF-30,Workflow,Workflow Features,Generate technical claims & hypothesis,1. Research Question & Technical Claim Formation,"turn passed opportunity to specific research questions and testable technical claims, clarify research object, expected effects and applicable situations.",Each claim states what would refute it,AI4RnD Core,Claims lane,AI4RnD Core,SwarmFlow (panel),PORT,Claim compiler + claim-extract capsule,None,AI4Research lib/research/claim_compiler.py; cap.research-claim-extract.yaml,Research question as a distinct object from the claim,AI4RnD claim graph,Concept graph,AI4RnD falsifiability + scientific-validity evaluators,Each claim states what would refute it,Project view - claims panel,P4,HIGH,SRC,,
WF-31,Workflow,Workflow Features,Generate technical claims & hypothesis,"2. Claim, Evidence, Data & Method Modeling","Set up claim, data, means of measuring, approaches, and the relationship between baseline and missing evidence",A claim resolves to evidence at char and byte offsets,AI4RnD Core,Claims lane,AI4RnD Core,SwarmFlow (panel),PORT,Claim/evidence modelling with citation spans,None,"AI4Research tests/research/unit/test_claim_evidence.py, test_evidence_span.py",Data and method as first-class model elements,AI4RnD claim graph,Concept graph,AI4RnD falsifiability + scientific-validity evaluators,A claim resolves to evidence at char and byte offsets,Project view - claims panel,P4,HIGH,EXEC,,
WF-32,Workflow,Workflow Features,Generate technical claims & hypothesis,3. Hypothesis Pool & Mechanism Formation,"Form the hypothesis from opportunities, and form the mechanism to test the hypothesis.",Competing hypotheses are held simultaneously,AI4RnD Core,Claims lane,AI4RnD Core,SwarmFlow (panel),BUILD,Hypotheses implicit in claims,None,-,Hypothesis pool and mechanism model,AI4RnD claim graph,,AI4RnD falsifiability + scientific-validity evaluators,Competing hypotheses are held simultaneously,Project view - claims panel,P4,MEDIUM,INF,,
WF-33,Workflow,Workflow Features,Generate technical claims & hypothesis,4. Falsifiability Screening & Hypothesis Contracting,"Determine if the hypothesis can be overthrowed by obtained data, or methods for the experiment. Also form the contract for testing the hypothesis",A non-falsifiable hypothesis is blocked before POC construction,AI4RnD Core,Claims lane,AI4RnD Core,SwarmFlow (panel),BUILD,Two files mention falsifiability; no screening stage,None,grep falsifiab across AI4Research lib/ and tools/ matches 2 files,Falsifiability screening and hypothesis contracting - the scientific core,AI4RnD claim graph,,AI4RnD falsifiability + scientific-validity evaluators,A non-falsifiable hypothesis is blocked before POC construction,Project view - claims panel,P4,HIGH,EXEC,,
WF-34,Workflow,Workflow Features,Generate technical claims & hypothesis,5. Verification-Ready POC Design,"Design the minimum viable verification plan. Define input, output, evidence requirements, index requirement for success, success/fail criteria, resource needed, restraints and verification steps.",A POC design states which hypothesis it can refute,AI4RnD Core,Claims lane,AI4RnD Core,SwarmFlow (panel),ADAPT,Experiment design capsule (cap.research-experiment-design),None,AI4Research capability-capsules/cap.research-experiment-design.yaml,Design tied to the falsifiability verdict,AI4RnD claim graph,,AI4RnD falsifiability + scientific-validity evaluators,A POC design states which hypothesis it can refute,Project view - claims panel,P4,MEDIUM,SRC,,
WF-35,Workflow,Workflow Features,POC implementation,1. POC Implementation Environment Preparation,"Setup the environment needed for the POC (dependencies, data, runtime, access permissions, compute resources and configs)",A capsule declaring network:none cannot get a networked environment,AI4RnD Core,Builder,OpenJiuwen Runtime,Code mode / worktree + jiuwenbox sandbox,REUSE,Environment preparation scripts,Worktree manager + jiuwenbox sandbox (bwrap/cgroup) provide isolated build environments,openjiuwen agent_teams/worktree.py; jiuwenbox policies,Bind environment to the capsule effects declaration,Jiuwen worktree + AI4RnD build evidence,,AI4RnD engineering-correctness evaluator,A capsule declaring network:none cannot get a networked environment,Project view - build panel,P4,HIGH,SRC,,
WF-36,Workflow,Workflow Features,POC implementation,2. POC Construction,"Construct the code, model, prompt, etc. for validating the POC.",A build runs in its own worktree and leaves the main tree untouched,AI4RnD Core,Builder,OpenJiuwen Runtime,Code mode / worktree + jiuwenbox sandbox,REUSE,Build agents in the harness,Code mode with worktree isolation is the intended construction mechanism,openjiuwen agent_teams/worktree.py; agent(options={'isolation':'worktree'}),Construction driven by a Build Contract rather than a free-form prompt,Jiuwen worktree + AI4RnD build evidence,,AI4RnD engineering-correctness evaluator,A build runs in its own worktree and leaves the main tree untouched,Project view - build panel,P4,HIGH,SRC,,
WF-37,Workflow,Workflow Features,POC implementation,3. POC Component Integration & Configuration,"Connect each part into a POC workable E2E, and prepare for the smoke test.",Integration failures are attributed to a component,AI4RnD Core,Builder,OpenJiuwen Runtime,Code mode / worktree + jiuwenbox sandbox,ADAPT,Integration handled ad hoc,Worktree + tool execution,openjiuwen worktree manager,Component integration as a declared step with its own acceptance,Jiuwen worktree + AI4RnD build evidence,,AI4RnD engineering-correctness evaluator,Integration failures are attributed to a component,Project view - build panel,P4,MEDIUM,SRC,,
WF-38,Workflow,Workflow Features,POC implementation,4. POC Functional Readiness Validation,"Perform smoke test run, make sure POC runs, outputs are in the right format, and faliures can be observed.",An unready POC cannot enter benchmarking,AI4RnD Core,Builder,OpenJiuwen Runtime,Code mode / worktree + jiuwenbox sandbox,BUILD,No explicit readiness validation,None,-,Functional readiness checks before benchmark handoff,Jiuwen worktree + AI4RnD build evidence,,AI4RnD engineering-correctness evaluator,An unready POC cannot enter benchmarking,Project view - build panel,P4,MEDIUM,INF,,
WF-39,Workflow,Workflow Features,POC implementation,5. Testable POC Artifact Consolidation & Benchmark Handoff,"Organize final POC, config, dependencies, runtime, known constraints and necessary explanations, form an artifact that is benchmark-ready.","Benchmarking receives a manifest, not a directory",AI4RnD Core,Builder,OpenJiuwen Runtime,Code mode / worktree + jiuwenbox sandbox,BUILD,No consolidation/handoff artifact,None,-,Testable artifact manifest and handoff contract,Jiuwen worktree + AI4RnD build evidence,,AI4RnD engineering-correctness evaluator,"Benchmarking receives a manifest, not a directory",Project view - build panel,P4,MEDIUM,INF,,
WF-40,Workflow,Workflow Features,Benchmarking,1. Benchmark Framing,"Define the claims to be compared, the runtime for the benchmark, baseline used, reference system, and version history.",A benchmark states which claim it can disconfirm,AI4RnD Core,Benchmarking lane,AI4RnD-Jiuwen Integration,Deterministic tools + SwarmFlow,ADAPT,Benchmark framing inside benchmark tooling,None,"AI4Research lib/heavy_proof_benchmark.py, lib/platform_workflow_benchmark.py",Framing tied to the claim under test,AI4RnD benchmark store,,AI4RnD performance/cost/benchmark evaluator,A benchmark states which claim it can disconfirm,Project view - benchmark panel,P4,MEDIUM,SRC,,
WF-41,Workflow,Workflow Features,Benchmarking,2. Benchmark Protocol & Asset Preparation,"define workload, dataset, figures, repetitions, resource limits, methods for data collection, comparision rules, and reletive assets.",A benchmark protocol is reproducible from its record,AI4RnD Core,Benchmarking lane,AI4RnD-Jiuwen Integration,Deterministic tools + SwarmFlow,PORT,Benchmark asset preparation present but unwired,None,AI4Research lib/capability_fusion_benchmark.py,Protocol as a versioned artifact,AI4RnD benchmark store,Dataset graph,AI4RnD performance/cost/benchmark evaluator,A benchmark protocol is reproducible from its record,Project view - benchmark panel,P4,MEDIUM,SRC,,
WF-42,Workflow,Workflow Features,Benchmarking,3. Benchmark Execution,Run the benchmark according to the rules.,A benchmark re-run reproduces from the journal,AI4RnD Core,Benchmarking lane,AI4RnD-Jiuwen Integration,Deterministic tools + SwarmFlow,REUSE,Benchmark runners exist,SwarmFlow executes deterministic fan-out with a replayable journal,probe_r2.py: run 3 replayed both steps with zero live calls,Benchmark runs registered as AI4RnD evidence,AI4RnD benchmark store,,AI4RnD performance/cost/benchmark evaluator,A benchmark re-run reproduces from the journal,Project view - benchmark panel,P4,HIGH,EXEC,,
WF-43,Workflow,Workflow Features,Benchmarking,4. Metrics & Run Evidence Collection,"Collect benchmark results (index, log, run condition, status, faliure lgos, resource used, and provenance, to make sure result is trackable)",Every metric traces to the run that produced it,AI4RnD Core,Benchmarking lane,AI4RnD-Jiuwen Integration,Deterministic tools + SwarmFlow,PORT,Metrics collection in report_metrics.py,Observability rail collects agent spans,AI4Research tools/research/report_metrics.py,Run evidence bound to the claim graph,AI4RnD benchmark store,Trace graph,AI4RnD performance/cost/benchmark evaluator,Every metric traces to the run that produced it,Project view - benchmark panel,P4,MEDIUM,SRC,,
WF-44,Workflow,Workflow Features,Benchmarking,5. Comparative Result Analysis & Benchmark Result Packaging,"Compare POC and baseline, organize info and form benchmark result.",Results are stated against a named baseline,AI4RnD Core,Benchmarking lane,AI4RnD-Jiuwen Integration,Deterministic tools + SwarmFlow,BUILD,Partial comparison tooling,None,-,Comparative analysis with baselines and packaging,AI4RnD benchmark store,,AI4RnD performance/cost/benchmark evaluator,Results are stated against a named baseline,Project view - benchmark panel,P4,MEDIUM,INF,,
WF-45,Workflow,Workflow Features,Evaluation,1. Evaluation Scope & Evidence Assembly,"Clarify the strategy and standard used for this evaluation, collect benchmark results, claims, and reletive evidence",An evaluation states exactly which evidence it considered,AI4RnD Core,Evaluation lane,AI4RnD Core,SwarmFlow (panel) + deterministic checks,ADAPT,Evidence assembly in the evidence ledger,None,AI4Research lib/evidence_ledger.py executed standalone,Scope declaration for an evaluation round,AI4RnD evidence ledger + gate ledger,,AI4RnD evaluator families (writer != verifier),An evaluation states exactly which evidence it considered,Project view - evaluation dossier,P3,HIGH,EXEC,,
WF-46,Workflow,Workflow Features,Evaluation,2. Evidence Completeness & Provenance Review,"Check if evidence is complete, source tracable, completeness on key experiments, and existence of false materials",Entailment precision measured on a labelled set and materially above 0.25,AI4RnD Core,Evaluation lane,AI4RnD Core,SwarmFlow (panel) + deterministic checks,ADAPT,Provenance review present; grounding check measured at precision 0.25,llm_as_judge metric and judge calibration exist in agent_evolving,V-12 measured grounding precision 0.25 on a hand-labelled 9-case set; openjiuwen agent_evolving/evaluator/metrics,Replace the grounding check with calibrated entailment; publish a measured bar,AI4RnD evidence ledger + gate ledger,,AI4RnD evaluator families (writer != verifier),Entailment precision measured on a labelled set and materially above 0.25,Project view - evaluation dossier,P3,HIGH,EXEC,,This is the single largest correctness risk in the product; the current check does not hold
WF-47,Workflow,Workflow Features,Evaluation,"3. Experimental, Reasoning & External Validity Review","Check experiment design, and if the result make sense in external world",Each validity dimension has its own verdict,AI4RnD Core,Evaluation lane,AI4RnD Core,SwarmFlow (panel) + deterministic checks,BUILD,Partial - artifact review capsule exists,None,AI4Research cap.research-artifact-review.yaml,"Experimental, reasoning and external validity as separate reviews",AI4RnD evidence ledger + gate ledger,,AI4RnD evaluator families (writer != verifier),Each validity dimension has its own verdict,Project view - evaluation dossier,P3,MEDIUM,INF,,
WF-48,Workflow,Workflow Features,Evaluation,4. Claim & Acceptance-Criteria Comparison,"Compare the benchmakr with technical claims, hypothesis and the original accept criteria","Acceptance is decided against the Contract, not restated",AI4RnD Core,Evaluation lane,AI4RnD Core,SwarmFlow (panel) + deterministic checks,ADAPT,Claim verify capsule compares claims to evidence,None,AI4Research cap.research-claim-verify.yaml contract,Comparison against the project Contract acceptance criteria,AI4RnD evidence ledger + gate ledger,,AI4RnD evaluator families (writer != verifier),"Acceptance is decided against the Contract, not restated",Project view - evaluation dossier,P3,MEDIUM,SRC,,
WF-49,Workflow,Workflow Features,Evaluation,"5. Verdict, Blocker & Residual-Risk Classification",Tag the hypothesis as pass/fail/inconclusive/conditionally acceptable/etc.,"A verdict cannot be edited, only superseded",AI4RnD Core,Evaluation lane,AI4RnD Core,SwarmFlow (panel) + deterministic checks,PORT,Gate ledger records verdicts append-only with writer attribution,None,AI4Research lib/gate_ledger.py (372 LOC); exercised in this analysis,Residual-risk classification vocabulary,AI4RnD evidence ledger + gate ledger,Policy graph,AI4RnD evaluator families (writer != verifier),"A verdict cannot be edited, only superseded",Project view - evaluation dossier,P3,HIGH,EXEC,,
WF-50,Workflow,Workflow Features,Evaluation,6. Refinement & Follow-Up Recording,"Note down the points that needs improvement, but no improvements are implemented in this step.",Every blocker produces a follow-up with an owner,AI4RnD Core,Evaluation lane,AI4RnD Core,SwarmFlow (panel) + deterministic checks,BUILD,No structured follow-up record,None,-,Refinement and follow-up as tracked items,AI4RnD evidence ledger + gate ledger,,AI4RnD evaluator families (writer != verifier),Every blocker produces a follow-up with an owner,Project view - evaluation dossier,P3,MEDIUM,INF,,
WF-51,Workflow,Workflow Features,Delivery,1. Delivery Planning & Evidence Handoff,"Define the target audience, delivery format, delivery content, evidence index, permission, and a handoff checklist",A deliverable ships with the evidence that supports it,AI4RnD Core,Delivery lane,AI4RnD-Jiuwen Integration,DeepAgent + deterministic packaging,BUILD,No delivery planning stage,Channel delivery exists,jw-src/jiuwenswarm/gateway/channel_manager/,Delivery plan and evidence handoff,AI4RnD deliverable store,,AI4RnD lifecycle/parity/human-review evaluator,A deliverable ships with the evidence that supports it,Project view - deliverables + channels,P5,MEDIUM,INF,,
WF-52,Workflow,Workflow Features,Delivery,2. User-Facing Deliverable Generation,"generate the report the user needs, including proposal, technical roadmap, investment recommendation, paper, poster, rebuttal or visualization, etc.",A generated report cites only evidence in the ledger,AI4RnD Core,Delivery lane,AI4RnD-Jiuwen Integration,DeepAgent + deterministic packaging,PORT,"Report drafting capsules (report-plan, report-draft, publication-produce)",None,"AI4Research cap.research-report-plan.yaml, cap.research-report-draft.yaml",Deliverable templates bound to audience,AI4RnD deliverable store,,AI4RnD lifecycle/parity/human-review evaluator,A generated report cites only evidence in the ledger,Project view - deliverables + channels,P5,MEDIUM,SRC,,
WF-53,Workflow,Workflow Features,Delivery,"3. Deliverable, Reusable Asset & Knowledge Packaging",Organize all the deliverables.,A completed project yields at least one reusable capsule candidate,AI4RnD Core,Delivery lane,AI4RnD-Jiuwen Integration,DeepAgent + deterministic packaging,BUILD,Partial packaging,Skill packaging exists in JiuwenSwarm,jw-src/jiuwenswarm/server/runtime/skill/skill_manager.py,Reusable asset extraction and knowledge packaging,AI4RnD deliverable store,,AI4RnD lifecycle/parity/human-review evaluator,A completed project yields at least one reusable capsule candidate,Project view - deliverables + channels,P5,MEDIUM,INF,,
WF-54,Workflow,Workflow Features,Delivery,"4. Authorized Distribution, Knowledge Transfer & Lifecycle Closure","Send the deliverable to the user, confirme acceptance, complete artifact transferring, save success/faliure experience, and close the current workflow lifecycle.",Closing a project freezes its evidence and records who authorized distribution,AI4RnD Core,Delivery lane,AI4RnD-Jiuwen Integration,DeepAgent + deterministic packaging,ADAPT,No lifecycle closure,Channels can distribute; no authorization tier,jw-src/jiuwenswarm/gateway/,Authorized distribution and project closure semantics,AI4RnD deliverable store,Policy graph,AI4RnD lifecycle/parity/human-review evaluator,Closing a project freezes its evidence and records who authorized distribution,Project view - deliverables + channels,P5,MEDIUM,SRC,,
FN-01,Foundation,Foundation Features,Capability capsule,1. Capability Capsule Definition & Assembly,"Define the capsule’s contract, metadata, dependencies, resources, and executable entry points.",A new capsule validates against the schema before registration,AI4RnD Core,Capability Capsules,AI4RnD Core,"n/a - capsules constrain execution, do not perform it",REUSE,"42 capsule manifests share one 10-section schema: applicability, contract, composition, effects, bindings, verification, operator_compatibility, provenance","Skills carry name/description/prompt only - no contract, effects or verification sections",Parsed all 42 manifests in harness/capability-capsules and config/capability-capsules,Assembly UI and schema versioning,AI4RnD capsule registry (workspace-scoped),,Capsule certification + conformance evaluator,A new capsule validates against the schema before registration,Capability registry view,P3,HIGH,EXEC,,"This is the evidence that Capsules are already a governed capability identity, not a workflow template"
FN-02,Foundation,Foundation Features,Capability capsule,"2. Capsule Governance, Certification & Registry Management","Validate, certify, register, version, publish, suspend, deprecate, and audit capsules.",A capsule cannot move to stable without a recorded certification,AI4RnD Core,Capability Capsules,AI4RnD Core,"n/a - capsules constrain execution, do not perform it",EXTEND,"Registry holds 35 capsules (32 capability, 1 guard, 2 resource); 30 stable, 5 draft",Skill registry has no certification or suspension states,"config/capability-capsules.registry.yaml parsed: statuses {stable:30, draft:5}","Certification workflow, suspend/deprecate transitions, promotion history",AI4RnD capsule registry (workspace-scoped),Policy graph,Capsule certification + conformance evaluator,A capsule cannot move to stable without a recorded certification,Capability registry view,P3,HIGH,EXEC,,
FN-03,Foundation,Foundation Features,Capability capsule,"3. Capability Discovery, Scoring & Selection","Find and rank eligible capsules by compatibility, policy, quality, cost, and performance.",A step needing an unavailable capability stalls with no_matching_worker and the missing list,AI4RnD Core,Capability Capsules,AI4RnD Core,"n/a - capsules constrain execution, do not perform it",ADAPT,applicability.task_types / positive_signals / negative_signals on all 42 manifests,Symphony skill retrieval scores skills by embedding similarity,All 42 manifests carry the applicability triple; jw-src/jiuwenswarm/symphony/retrieval/,Hard capability gate with discriminated stall reasons - Symphony ranks but never refuses,AI4RnD capsule registry (workspace-scoped),,Capsule certification + conformance evaluator,A step needing an unavailable capability stalls with no_matching_worker and the missing list,Capability registry view,P3,HIGH,EXEC,,"Ranking without refusal is the central mismatch: research must stall honestly, not pick the nearest skill"
FN-04,Foundation,Foundation Features,Capability capsule,4. Capsule Invocation & Composition,Execute capsules with governed inputs and compose compatible capsules into reusable capabilities.,Incompatible capsules never appear in one plan,AI4RnD Core,Capability Capsules,AI4RnD Core,"n/a - capsules constrain execution, do not perform it",EXTEND,composition.consumes/produces/compatible_with/incompatible_with/requires_after on all 42,No composition model between skills,Parsed composition section on all 42 manifests,Composition planner that uses the declared compatibility,AI4RnD capsule registry (workspace-scoped),,Capsule certification + conformance evaluator,Incompatible capsules never appear in one plan,Capability registry view,P3,MEDIUM,SRC,,
FN-05,Foundation,Foundation Features,Capability capsule,5. Capability Capsule Evolution & Version Promotion,"Improve capsules from runtime evidence, validate candidates, and promote or roll back versions.",A promoted capsule version can be rolled back and in-flight runs keep their pinned version,AI4RnD Core,Capability Capsules,AI4RnD Core,"n/a - capsules constrain execution, do not perform it",ADAPT,"GEPA Promoter implements promote/rollback with sha256 sidecars, tmp-vs-production path guards and atomic writes; the manifest schema itself carries no versions/history/RSI-target keys",agent_evolving has Trainer/Updater but only ReactAgentEvolve implements get_operators(),"AI4Research integrations/gepa_optimizer/promote.py (Promoter.promote/rollback, 354 LOC, unit-tested); manifest key census: no benchmarks/performance_history/rsi_targets keys","Wire Promoter to the capsule registry; extend the manifest schema with versions, history and RSI targets",AI4RnD capsule registry (workspace-scoped),,Capsule certification + conformance evaluator,A promoted capsule version can be rolled back and in-flight runs keep their pinned version,Capability registry view,P6,HIGH,SRC,,"Rev 5 correction: promotion/rollback machinery already exists in GEPA and was previously overlooked - this row was BUILD, now ADAPT"
FN-06,Foundation,Foundation Features,Operators,"1. 逻辑算子定义、组装与注册 — Logical Operator Definition, Assembly & Registration","Creates a stable, DAG-callable logical operator definition: identity/version, inputs and outputs, required capabilities/capsules, side effects, write scope, evidence requirements, completion conditions, concurrency constraints and fallback semantics.","Logical Operators register and resolve by capability, not by name",AI4RnD Core,Operators,AI4RnD-Jiuwen Integration,binding target: DeepAgent / SwarmFlow worker / tool / Team member,PORT,Operator definitions in the capsule operator bindings checker,openjiuwen Operator is a tunable-parameter handle and is explicitly NOT an executable unit,openjiuwen/core/operator/base.py line 10: 'Operator is NOT an executable unit',A distinct name for AI4RnD's executable unit to avoid the collision; registration API,AI4RnD operator registry,,Operator admission + runtime profiling,"Logical Operators register and resolve by capability, not by name",Capability registry view - operators,P3,MEDIUM,SRC,,Naming collision confirmed again this revision; AI4RnD's executable unit must not be called Operator inside Jiuwen
FN-07,Foundation,Foundation Features,Operators,"2. 算子准入、认证与治理 — Operator Qualification, Admission & Governance","Determines whether a logical or physical operator may be enabled, promoted or deprecated. It consumes evaluator verdicts to check contract compliance, permissions, safety, reliability, independence and architectural boundaries.",An uncertified operator cannot be bound,AI4RnD Core,Operators,AI4RnD-Jiuwen Integration,binding target: DeepAgent / SwarmFlow worker / tool / Team member,BUILD,check_capsule_operator_bindings.py validates bindings,No operator admission concept,AI4Research tools/check_capsule_operator_bindings.py,"Admission, certification and governance lifecycle for operators",AI4RnD operator registry,,Operator admission + runtime profiling,An uncertified operator cannot be bound,Capability registry view - operators,P3,MEDIUM,SRC,,
FN-08,Foundation,Foundation Features,Operators,"3. 逻辑—物理算子匹配、选择与绑定 — Logical-to-Physical Matching, Selection & Binding","For the logical operator specified by a DAG node, filters eligible physical operators and ranks them using capabilities, capsule compatibility, permissions, health, host, quota, cost, latency, load and fallback policy.",A forbidden operator can never be bound; an unsatisfiable requirement stalls rather than defaulting,AI4RnD Core,Operators,AI4RnD-Jiuwen Integration,binding target: DeepAgent / SwarmFlow worker / tool / Team member,BUILD,operator_compatibility.preferred/forbidden declared on all 42 manifests,agent_type is accepted by the SwarmFlow option whitelist but no backend reads it,probe_r3: backend received {'agent_type':'researcher'}; grep agent_type in workflow/backends/ returns nothing,Binding layer that turns a logical requirement into a concrete executor and fails when none matches,AI4RnD operator registry,,Operator admission + runtime profiling,A forbidden operator can never be bound; an unsatisfiable requirement stalls rather than defaulting,Capability registry view - operators,P3,HIGH,EXEC,,"This is the sharpest verified gap: the knob exists, is validated, and is then ignored"
FN-09,Foundation,Foundation Features,Operators,4. 物理算子与执行舰队管理 — Physical Operator & Execution Fleet Management,"Registers and manages API models, subscription agents, browser/Web operators, Code Agent panes, and local/remote environments as first-class physical operators. Maintains profiles, adapters, availability, health, capacity, quota, cost and concurrency state.","Fleet membership is derived, not hand-maintained",AI4RnD Core,Operators,AI4RnD-Jiuwen Integration,binding target: DeepAgent / SwarmFlow worker / tool / Team member,ADAPT,Physical operator profiles in config/agent-actors.json,"Team member roster, worker backend and model pool constitute the execution fleet",AI4Research config/agent-actors.json; openjiuwen agent_teams/models/allocator.py,Fleet management driven by capsule bindings,AI4RnD operator registry,,Operator admission + runtime profiling,"Fleet membership is derived, not hand-maintained",Capability registry view - operators,P3,MEDIUM,SRC,,
FN-10,Foundation,Foundation Features,Operators,5. 算子运行评估与能力画像 — Operator Runtime Evaluation & Capability Profiling,"Aggregates execution evidence into task-specific success, quality, latency, cost and failure profiles. These profiles support future binding decisions, qualification and evolution.","Operator selection uses measured performance, not declared performance",AI4RnD Core,Operators,AI4RnD-Jiuwen Integration,binding target: DeepAgent / SwarmFlow worker / tool / Team member,BUILD,No runtime capability profiling,Observability spans exist,openjiuwen observability rail,Per-operator capability profile built from run evidence,AI4RnD operator registry,Trace graph,Operator admission + runtime profiling,"Operator selection uses measured performance, not declared performance",Capability registry view - operators,P3,MEDIUM,INF,,
FN-11,Foundation,Foundation Features,Operators,6. 评估器驱动的算子演进 — Evaluator-Driven Operator Evolution,"Produces versioned improvement candidates, tests and benchmarks them, compares quality/cost/risk trade-offs, and supports approval, promotion and rollback. It should evolve definitions, profiles and binding policies—not silently rewrite an operator through “reflection”.",An operator change is promoted only after measured improvement and approval,AI4RnD Core,Operators,AI4RnD-Jiuwen Integration,binding target: DeepAgent / SwarmFlow worker / tool / Team member,ADAPT,"GEPA supplies candidate generation, Budget stoppers (spend/evals/walltime/plateau/stop-file), frozen-policy checking and Promoter rollback; CLI defaults to dry-run",agent_evolving Trainer performs candidate selection on a validation set,"AI4Research integrations/gepa_optimizer/ (budgets.py, hard_policy_checker.py, promote.py, unit tests); openjiuwen agent_evolving/trainer/trainer.py",Wire GEPA's loop to operator profiles and to the approval inbox,AI4RnD operator registry,,Operator admission + runtime profiling,An operator change is promoted only after measured improvement and approval,Capability registry view - operators,P6,MEDIUM,SRC,,"Rev 5 correction: was BUILD - the governance machinery exists in GEPA; the missing work is wiring, not construction"
FN-12,Foundation,Foundation Features,Evaluator,"1. Contract, Schema & Artifact Conformance Evaluator","Verifies input/output contracts, schemas, scopes, required artifacts, proof obligations, structural completeness, and admissibility of submitted evidence.",A postcondition failure blocks acceptance,AI4RnD Core,Evaluators,AI4RnD Core,Deterministic tools + DeepAgent judges,ADAPT,contract.postconditions and invariants on all 42 manifests,Schema validation exists for tool inputs and outputs,Parsed contract section on 42/42 manifests,Conformance evaluator that runs the declared checks,AI4RnD evidence ledger,,Evaluator self-calibration + human review,A postcondition failure blocks acceptance,Project view - evaluation dossier,P3,HIGH,EXEC,,
FN-13,Foundation,Foundation Features,Evaluator,2. Engineering Correctness & Code Quality Evaluator,"Combines automated unit, integration, regression, smoke, and end-to-end testing with static analysis, type checking, linting, maintainability checks, and architecture-boundary validation.",A POC failing its own tests cannot pass evaluation,AI4RnD Core,Evaluators,AI4RnD Core,Deterministic tools + DeepAgent judges,BUILD,Partial engineering checks,Code mode with test execution,openjiuwen worktree + tool execution,Engineering correctness and code quality evaluator family,AI4RnD evidence ledger,,Evaluator self-calibration + human review,A POC failing its own tests cannot pass evaluation,Project view - evaluation dossier,P3,MEDIUM,INF,,
FN-14,Foundation,Foundation Features,Evaluator,"3. Performance, Cost & Benchmark Evaluator","Measures quality, latency, throughput, resource usage, scalability, and cost, and compares results against defined baselines and regression thresholds.",Cost is evaluated against the Contract budget,AI4RnD Core,Evaluators,AI4RnD Core,Deterministic tools + DeepAgent judges,ADAPT,Benchmark tooling present,Token accounting via budget in SwarmFlow,openjiuwen workflow engine budget_total parameter,"Performance, cost and benchmark evaluator family",AI4RnD evidence ledger,,Evaluator self-calibration + human review,Cost is evaluated against the Contract budget,Project view - evaluation dossier,P3,MEDIUM,SRC,,
FN-15,Foundation,Foundation Features,Evaluator,"4. Security, Privacy, Compliance & IP Evaluator","Checks vulnerabilities, secrets, permissions, unsafe effects, sensitive-data exposure, regulatory and organizational policies, licenses, copyright, attribution, and permitted data use.",A capsule declaring network:none cannot bind to a network-capable runner; guardrail rule count asserted non-zero at startup,AI4RnD Core,Evaluators,AI4RnD Core,Deterministic tools + DeepAgent judges,BUILD,effects.read/write/execute/network/cost/risk declared on all 42 manifests,"Built-in shell guardrail tier loads zero rules: the package resources directory does not exist, and the copy JiuwenSwarm installs is never read back",get_builtin_security_rules() returned 0; grep builtin_rules across jw-src finds only the two files that write the copy,"Security, privacy, compliance and IP evaluator; and a guardrail tier that actually loads",AI4RnD evidence ledger,,Evaluator self-calibration + human review,A capsule declaring network:none cannot bind to a network-capable runner; guardrail rule count asserted non-zero at startup,Project view - evaluation dossier,P3,HIGH,EXEC,,Corrects the earlier claim that this was purely an openjiuwen packaging gap - the installed rules file is orphaned
FN-16,Foundation,Foundation Features,Evaluator,"5. Evidence, Factuality & Scientific Validity Evaluator","Evaluates claim-to-evidence support, citation and source quality, reasoning consistency, reproducibility, experimental validity, uncertainty, and external plausibility.",Measured entailment precision published against a labelled set,AI4RnD Core,Evaluators,AI4RnD Core,Deterministic tools + DeepAgent judges,BUILD,Grounding check measured at precision 0.25,llm_as_judge and judge calibration exist inside agent_evolving but are not reachable from the application,V-12 measurement; grep shows jiuwenswarm imports only the experience/archive and tool-description optimizer parts of agent_evolving,Calibrated entailment evaluator - the scientific core of the product,AI4RnD evidence ledger,,Evaluator self-calibration + human review,Measured entailment precision published against a labelled set,Project view - evaluation dossier,P3,HIGH,EXEC,,
FN-17,Foundation,Foundation Features,Evaluator,"6. Lifecycle, Parity & Human Review Evaluator","Verifies real execution, workflow completion, required gates, side effects, and feature or semantic parity; aggregates results and invokes attributable HITL review for high-risk, ambiguous, or policy-required decisions.","Human review is recorded as evidence, not as chat",AI4RnD Core,Evaluators,AI4RnD Core,Deterministic tools + DeepAgent judges,BUILD,verification.self_check/external_verifier/pass_conditions declared on all 42,Human interrupt available,Parsed verification section on 42/42 manifests,"Lifecycle, parity and human review evaluator",AI4RnD evidence ledger,,Evaluator self-calibration + human review,"Human review is recorded as evidence, not as chat",Project view - evaluation dossier,P3,MEDIUM,INF,,
FN-18,Foundation,Foundation Features,Foundational models,1. Model Capability Registry,"Record declared and verified model capabilities such as modality, context size, tool use, structured output, cost class, and suitable tasks.",A model without structured-output support is never selected for a schema-bearing step,JiuwenSwarm Application,Model plane,JiuwenSwarm Application,Jiuwen model pool / allocator,EXTEND,model_registry.py in the harness,Model pool with named groups and positional entries; provider configuration in the app,openjiuwen agent_teams/models/allocator.py resolve_member_model,"Capability profile per model (context, tools, structured output, cost tier)",JiuwenSwarm model pool config,,JiuwenSwarm config validation,A model without structured-output support is never selected for a schema-bearing step,Settings - models,P1,HIGH,SRC,,
FN-19,Foundation,Foundation Features,Foundational models,2. Model Routing & Selection,"Match and select a model route using task needs, capability, quality, cost, policy, quota, and current health. Allow models to obtain tasks in their advantaged field",A step requiring an unavailable model stalls; it does not run on a substitute,AI4RnD Core,Model plane,AI4RnD-Jiuwen Integration,Jiuwen model pool / allocator,BUILD,Routing by capability in graph_scheduler,"resolve_member_model returns None for an unknown model name, and the caller then falls back to the worker base spec's model - silently",openjiuwen agent_teams/models/allocator.py lines 417-423; team_worker_backend._resolve_model,Routing that fails loudly when the required model is unavailable,JiuwenSwarm model pool config,,JiuwenSwarm config validation,A step requiring an unavailable model stalls; it does not run on a substitute,Settings - models,P1,HIGH,SRC,"Model pool and provider configuration - JiuwenSwarm Application, REUSE | Capability requirement to model constraint - AI4RnD Core, BUILD | Loud-failure binding adapter over resolve_member_model - AI4RnD-Jiuwen Integration, BUILD",Silent fallback is the reason AI4RnD cannot delegate model routing to Jiuwen as-is
FN-20,Foundation,Foundation Features,Foundational models,3. Model Usage Auditing,"Record model calls, routes, users, tokens, cost, quota consumption, and policy decisions for audit and accounting.",Model spend is attributable to a project,JiuwenSwarm Application,Model plane,JiuwenSwarm Application,Jiuwen model pool / allocator,EXTEND,Usage accounting in harness tooling,Observability rail and token budget accounting,openjiuwen workflow engine budget; observability rail,"Audit attributable to project, claim and capsule",JiuwenSwarm model pool config,Trace graph,JiuwenSwarm config validation,Model spend is attributable to a project,Settings - models,P1,MEDIUM,SRC,"Raw usage capture - JiuwenSwarm Application, REUSE | Attribution to project and claim - AI4RnD Core, BUILD",
FN-21,Foundation,Foundation Features,RSI,1. Text-Based Artifacts (GEPA / MIPROv2 / TextGrad),"Improves prompts, rules, and rubrics. Validate with holdout tasks, A/B tests, and regression checks.","A prompt change is versioned, measured and reversible",AI4RnD Core,Governed RSI,AI4RnD-Jiuwen Integration,openjiuwen agent_evolving (Trainer/Updater/Operator),ADAPT,GEPA optimizer for prompt and text artifacts,"agent_evolving tool-description optimizer family is imported by JiuwenSwarm (ToolDescriptionMethod, BeamSearch, SimpleEval)",grep of jiuwenswarm imports from openjiuwen.agent_evolving lists the tool-description optimizer symbols,Governed promotion for text artifacts,AI4RnD improvement store + openjiuwen EvolutionStore,,Governed promotion gate (approval + frozen-policy check),"A prompt change is versioned, measured and reversible",Improvements inbox,P6,HIGH,SRC,,This is the one RSI surface with real wiring on both sides
FN-22,Foundation,Foundation Features,RSI,2. Runtime and Resource Routing (Bayesian Optimization / Bandits / Cost-Aware RL),"Optimizes model, tool, budget, retry, and concurrency decisions. Validate with traces, load tests, and cost–latency metrics.",Routing policy improves against a measured objective,AI4RnD Core,Governed RSI,AI4RnD-Jiuwen Integration,openjiuwen agent_evolving (Trainer/Updater/Operator),BUILD,Routing strategies in graph_scheduler,Bandit or cost-aware routing is not present,No routing optimizer found in either tree,Runtime and resource routing optimisation,AI4RnD improvement store + openjiuwen EvolutionStore,,Governed promotion gate (approval + frozen-policy check),Routing policy improves against a measured objective,Improvements inbox,P6,MEDIUM,SRC,,
FN-23,Foundation,Foundation Features,RSI,3. Capability Capsules and Physical Operators (Trajectory Mining / Code Evolution / CEGIS),"Improves reusable capability contracts and implementations. Validate with compatibility tests, sandbox runs, and performance benchmarks.",A capsule can be registered as an evolution subject and improved under governance,AI4RnD Core,Governed RSI,AI4RnD-Jiuwen Integration,openjiuwen agent_evolving (Trainer/Updater/Operator),ADAPT,"GEPA's typed candidate envelope already declares CAPSULE, SKILL, ROUTING_POLICY, REWRITE_RULES and COST_MODEL as its mutable families; capsule manifests carry no RSI-target keys yet",Trainer.train requires an agent implementing get_operators(); only ReactAgentEvolve does,AI4Research integrations/gepa_optimizer/candidate_schema.py CandidateType enum; grep 'def get_operators' across openjiuwen returns exactly one implementor,Operator-protocol adapters exposing capsule tunables to Trainer/Updater; wire GEPA candidates to the registry,AI4RnD improvement store + openjiuwen EvolutionStore,,Governed promotion gate (approval + frozen-policy check),A capsule can be registered as an evolution subject and improved under governance,Improvements inbox,P6,HIGH,SRC,,"Rev 5 correction: was BUILD - GEPA already types capsules as candidates and openjiuwen's Operator protocol is the adapter seam, so this is adaptation on both sides, not new construction"
FN-24,Foundation,Foundation Features,RSI,4. DAG and Agent Organization (AFlow / MCTS / ADAS),"Optimizes workflow structure, agent roles, and coordination. Validate with replay tests, simulations, and success–cost comparisons.",A plan template improves measurably across runs,AI4RnD Core,Governed RSI,AI4RnD-Jiuwen Integration,openjiuwen agent_evolving (Trainer/Updater/Operator),BUILD,No DAG or organisation search,No AFlow/ADAS equivalent,No graph-structure optimizer found in either tree,DAG and agent organisation evolution,AI4RnD improvement store + openjiuwen EvolutionStore,,Governed promotion gate (approval + frozen-policy check),A plan template improves measurably across runs,Improvements inbox,P6,MEDIUM,SRC,,
FN-25,Foundation,Foundation Features,RSI,"5. Evaluator, Reward, Contract, and Governance (Judge Calibration / Reward Modeling / CEGIS)","Improves acceptance rules, rewards, gates, and policies. Validate with golden sets, agreement rates, and violation tests.",A candidate that relaxes a frozen policy is rejected before evaluation,AI4RnD Core,Governed RSI,AI4RnD-Jiuwen Integration,openjiuwen agent_evolving (Trainer/Updater/Operator),ADAPT,Hard policy checker in gepa_optimizer,agent_evolving evaluator/metrics provides exact_match and llm_as_judge,AI4Research integrations/gepa_optimizer/hard_policy_checker.py; openjiuwen agent_evolving/evaluator/metrics,"Evaluator, reward and contract evolution under a frozen-policy guard",AI4RnD improvement store + openjiuwen EvolutionStore,,Governed promotion gate (approval + frozen-policy check),A candidate that relaxes a frozen policy is rejected before evaluation,Improvements inbox,P6,MEDIUM,SRC,,
FN-26,Foundation,Foundation Features,RSI,"6. Memory, Retrieval, and Evidence (Memory Learning / Self-RAG / Reranker Training)","Improves storage, retrieval, citation, and evidence binding. Validate with recall, precision, citation accuracy, and provenance checks.",Retrieval quality improves against a held-out set,AI4RnD Core,Governed RSI,AI4RnD-Jiuwen Integration,openjiuwen agent_evolving (Trainer/Updater/Operator),BUILD,Evidence ledger exists; no retrieval learning,GraphMemory exists in openjiuwen core but is not referenced anywhere in JiuwenSwarm,grep GraphMemory across jw-src/jiuwenswarm returns zero hits,"Memory, retrieval and evidence evolution",AI4RnD improvement store + openjiuwen EvolutionStore,Memory graph,Governed promotion gate (approval + frozen-policy check),Retrieval quality improves against a held-out set,Improvements inbox,P6,MEDIUM,SRC,,
FN-27,Foundation,Foundation Features,RSI,7. Model Policies and Weights (SFT / LoRA / DPO / GRPO / Agent RL),"Learns stronger planning, tool use, and evaluation behavior. Validate with holdout benchmarks, robustness tests, and regressions.",Deferred until an owned model and a training budget exist,AI4RnD Core,Governed RSI,AI4RnD-Jiuwen Integration,openjiuwen agent_evolving (Trainer/Updater/Operator),DEFER,No weight training,agent_rl provides PPO/verl-based training but is not reachable from the application,openjiuwen agent_evolving/agent_rl present; no jiuwenswarm import of it,Model policy and weight evolution,AI4RnD improvement store + openjiuwen EvolutionStore,,Governed promotion gate (approval + frozen-policy check),Deferred until an owned model and a training budget exist,Improvements inbox,P6,MEDIUM,SRC,,"Deferred on cost and infrastructure grounds, not because the substrate is missing"
FN-28,Foundation,Foundation Features,RSI,"8. Data, Benchmarks, Curriculum, and Observability (Active Learning / Hard-Case Mining / Credit Assignment)","Improves task coverage, difficulty, data quality, and change attribution. Validate with coverage, contamination, trace, and ablation tests.",Hard cases mined from failures enter the benchmark set,AI4RnD Core,Governed RSI,AI4RnD-Jiuwen Integration,openjiuwen agent_evolving (Trainer/Updater/Operator),BUILD,Benchmarks exist but are not curriculum-managed,No curriculum or hard-case mining,-,"Data, benchmark and curriculum evolution with observability",AI4RnD improvement store + openjiuwen EvolutionStore,Dataset graph,Governed promotion gate (approval + frozen-policy check),Hard cases mined from failures enter the benchmark set,Improvements inbox,P6,MEDIUM,INF,,
FN-29,Foundation,Foundation Features,Data foundations,1. Persistent Memory & Context Retrieval,"Store accepted facts, decisions, summaries, failures, lessons, and reusable context in durable memory; support indexing, retrieval, compression, expiration, and context assembly.",Context survives a session restart and a compaction,AI4RnD Core,Data foundations,AI4RnD Core,Jiuwen retrieval / store where projections are served,EXTEND,Evidence and memory tooling; mempalace,Persistent checkpointer is configured in a normal install (sqlite); context processor rail exists,jw-src/.../interface_deep.py ensure_persistent_checkpointer creates a sqlite PersistenceCheckpointer and sets it as process default,Research-grade retrieval over project memory,AI4RnD typed graph projections over one authoritative store,Memory graph,Schema + provenance conformance evaluator,Context survives a session restart and a compaction,Project view - knowledge browser,P5,MEDIUM,SRC,,Corrects the earlier open question about whether a persistent checkpointer exists in a stock install - it does
FN-30,Foundation,Foundation Features,Data foundations,2. Concept Graph Management,"Define and connect business concepts, entities, terminology, attributes, and semantic relationships.",Concepts resolve to the evidence that introduced them,AI4RnD Core,Data foundations,AI4RnD Core,Jiuwen retrieval / store where projections are served,BUILD,Absent,"GraphMemory exists in openjiuwen, unwired in JiuwenSwarm",grep concept_graph across AI4Research lib/ and tools/ returns 0 files; grep GraphMemory across jw-src returns 0,Concept graph as a typed projection,AI4RnD typed graph projections over one authoritative store,Concept graph,Schema + provenance conformance evaluator,Concepts resolve to the evidence that introduced them,Project view - knowledge browser,P5,HIGH,EXEC,,
FN-31,Foundation,Foundation Features,Data foundations,3. Dataset Graph Management,"Register datasets, schemas, fields, versions, sources, quality states, dependencies, and relationships to business concepts.",A dataset resolves to the experiments that used it,AI4RnD Core,Data foundations,AI4RnD Core,Jiuwen retrieval / store where projections are served,BUILD,Absent,No dataset graph,grep dataset_graph returns 0 files,Dataset graph,AI4RnD typed graph projections over one authoritative store,Dataset graph,Schema + provenance conformance evaluator,A dataset resolves to the experiments that used it,Project view - knowledge browser,P5,HIGH,EXEC,,
FN-32,Foundation,Foundation Features,Data foundations,4. Code Graph Management,"Model repositories, modules, APIs, functions, tests, configurations, dependencies, and their relationships to concepts, datasets, and runtime behavior.",Code artifacts resolve to the claims they support,AI4RnD Core,Data foundations,AI4RnD Core,Jiuwen retrieval / store where projections are served,BUILD,Absent,"Code indexing exists in the coding harness, not as a graph",grep code_graph returns 0 files,Code graph,AI4RnD typed graph projections over one authoritative store,Code graph,Schema + provenance conformance evaluator,Code artifacts resolve to the claims they support,Project view - knowledge browser,P5,HIGH,EXEC,,
FN-33,Foundation,Foundation Features,Data foundations,5. Policy Graph Management,"Represent permissions, approvals, security rules, compliance constraints, retention requirements, and policies governing data and actions.",A policy decision resolves to the rule and the approver,AI4RnD Core,Data foundations,AI4RnD Core,Jiuwen retrieval / store where projections are served,BUILD,Absent as a graph; gate ledger holds policy decisions,Permission engine holds runtime policy,grep policy_graph returns 0 files,Policy graph,AI4RnD typed graph projections over one authoritative store,Policy graph,Schema + provenance conformance evaluator,A policy decision resolves to the rule and the approver,Project view - knowledge browser,P5,HIGH,EXEC,,
FN-34,Foundation,Foundation Features,Data foundations,6. Workflow Graph Management,"Model reusable processes, SOPs, approval chains, workflow stages, transitions, and their required inputs, outputs, policies, and capabilities.",A plan resolves to the plans it was derived from,AI4RnD Core,Data foundations,AI4RnD Core,Jiuwen retrieval / store where projections are served,BUILD,Absent,Workflow definitions exist but are not graph-indexed,grep workflow_graph returns 0 files,Workflow graph,AI4RnD typed graph projections over one authoritative store,Workflow graph,Schema + provenance conformance evaluator,A plan resolves to the plans it was derived from,Project view - knowledge browser,P5,HIGH,EXEC,,
FN-35,Foundation,Foundation Features,Data foundations,7. Trace Graph Management,"Connect requests, plans, executions, operator decisions, tool calls, artifacts, evidence, evaluations, and state transitions into an auditable execution history.",A result resolves to the exact execution that produced it,AI4RnD Core,Data foundations,AI4RnD Core,Jiuwen retrieval / store where projections are served,BUILD,Absent as a graph; traces exist in run logs,Observability spans exist,grep trace_graph returns 0 files,Trace graph,AI4RnD typed graph projections over one authoritative store,Trace graph,Schema + provenance conformance evaluator,A result resolves to the exact execution that produced it,Project view - knowledge browser,P5,HIGH,EXEC,,
FN-36,Foundation,Foundation Features,Data foundations,8. Memory Graph Management,"Represent relationships among remembered facts, decisions, experiences, failures, lessons, entities, workflows, and their originating evidence.",Memory entries carry provenance and can be revoked,AI4RnD Core,Data foundations,AI4RnD Core,Jiuwen retrieval / store where projections are served,BUILD,Absent,"GraphMemory exists in openjiuwen, unwired",grep memory_graph returns 0 files in AI4RnD; 0 GraphMemory references in JiuwenSwarm,Memory graph,AI4RnD typed graph projections over one authoritative store,Memory graph,Schema + provenance conformance evaluator,Memory entries carry provenance and can be revoked,Project view - knowledge browser,P5,HIGH,EXEC,,
FN-37,Foundation,Foundation Features,Data foundations,9. TaskGraph Persistence & Lifecycle Management,"Store and version executable TaskGraph specifications and their runtime state, including nodes, dependencies, scopes, gates, checkpoints, results, and closure records.",A TaskGraph survives a session change without losing completed work,AI4RnD Core,Data foundations,AI4RnD Core,Jiuwen retrieval / store where projections are served,ADAPT,task_graph_io.py and task_graph_state_io.py persist TaskGraphs,Checkpointer persists session and graph state; SwarmFlow journal persists call results,"AI4Research lib/task_graph_io.py, lib/task_graph_state_io.py; openjiuwen checkpointer",TaskGraph lifecycle that spans sessions - the SwarmFlow journal is keyed by session id,AI4RnD typed graph projections over one authoritative store,Workflow graph,Schema + provenance conformance evaluator,A TaskGraph survives a session change without losing completed work,Project view - knowledge browser,P5,HIGH,SRC,,Journal path is {team}/sessions/{session_id}/workflows/{name}; a new session gets a new journal and replays nothing
FN-38,Foundation,Foundation Features,Harness Core,1. Runtime Control Loop & Run Lifecycle Management,Initialize run/sprint identity and configuration; drive the main control loop; maintain durable run/node state and status projections; close the run only when required nodes and gates are satisfied.,A project run survives an agent-server restart,AI4RnD Core,Harness Core,OpenJiuwen Runtime,Pregel / Core Workflow / SwarmFlow journal / ConcurrencyGovernor,REUSE,coordinator.sh polling state machine,"NativeHarness run lifecycle: start, pause, abort, subscribe, outputs",openjiuwen agent_teams/harness/; SwarmFlow background task controller,Project-level run lifecycle above the session,Jiuwen checkpointer + SwarmFlow journal,,Runtime invariants + AI4RnD run-state assertions,A project run survives an agent-server restart,Project view - run status (read-only),P2,HIGH,EXEC,,
FN-39,Foundation,Foundation Features,Harness Core,2. Message Bus & Durable Task Queue,"Transport commands, events, and ready-node work with persistent queueing, priority, ordering, deduplication/idempotency, and backpressure.",Messages are not lost across a restart,AI4RnD Core,Harness Core,OpenJiuwen Runtime,Pregel / Core Workflow / SwarmFlow journal / ConcurrencyGovernor,REUSE,File-based message passing between panes,"Messager, topics and durable background task controller",openjiuwen agent_teams/messager/,Nothing at this layer,Jiuwen checkpointer + SwarmFlow journal,,Runtime invariants + AI4RnD run-state assertions,Messages are not lost across a restart,Project view - run status (read-only),P2,HIGH,SRC,,
FN-40,Foundation,Foundation Features,Harness Core,"3. DAG Scheduler, TaskGraph Readiness & Operator Binding","Validate the DAG, determine readiness from dependencies, gates and external waits, and form safe parallel batches using scope, effect, resource, and capacity constraints.",A plan compiles to a runnable graph and unbound nodes stall rather than defaulting,AI4RnD Core,Harness Core,OpenJiuwen Runtime,Pregel / Core Workflow / SwarmFlow journal / ConcurrencyGovernor,ADAPT,"graph_scheduler.py (4,189 LOC) performs readiness, ordering and binding",Pregel supersteps compute ready nodes; Core Workflow validates connections; conditional routers accept a runtime-computed target list,probe_r4: add_conditional_connection accepted a router returning a computed list and the run completed,Capability binding at node level - the part Pregel does not do,Jiuwen checkpointer + SwarmFlow journal,,Runtime invariants + AI4RnD run-state assertions,A plan compiles to a runnable graph and unbound nodes stall rather than defaulting,Project view - run status (read-only),P2,HIGH,EXEC,"Readiness, ordering, batching - OpenJiuwen Runtime, REUSE | Capability binding per node - AI4RnD Core, BUILD | Plan to graph compilation - AI4RnD-Jiuwen Integration, BUILD","Router is invoked with no arguments, so fan-out width must be computed from a closure or channel read, not from a router parameter"
FN-41,Foundation,Foundation Features,Harness Core,"4. Execution Admission, Lease & Concurrency Control","Enforce approval, policy and availability checks; acquire/release/reap leases; prevent duplicate dispatch; and enforce concurrency, quota, exclusion, and capacity limits.","Exceeding the concurrency limit refuses with a stated limit, not a queue stall",AI4RnD Core,Harness Core,OpenJiuwen Runtime,Pregel / Core Workflow / SwarmFlow journal / ConcurrencyGovernor,REUSE,Concurrency policy JSON,ConcurrencyGovernor admits workflows and caps agents per run; admission refusal is explicit,probe_r1: invoke returned 'Swarmflow concurrency governor is not configured' - admission is a hard precondition,Nothing at this layer,Jiuwen checkpointer + SwarmFlow journal,,Runtime invariants + AI4RnD run-state assertions,"Exceeding the concurrency limit refuses with a stated limit, not a queue stall",Project view - run status (read-only),P2,HIGH,EXEC,,
FN-42,Foundation,Foundation Features,Harness Core,5. Main Loop Dispatch & Runtime Supervision,"Consume an already-resolved operator binding, create the execution envelope/instruction, dispatch it to the runtime or host, monitor heartbeat/progress, and collect normalized results, handoffs, artifacts, and evidence references.",Supervision restarts a failed node without restarting the run,AI4RnD Core,Harness Core,OpenJiuwen Runtime,Pregel / Core Workflow / SwarmFlow journal / ConcurrencyGovernor,REUSE,Main loop in coordinator.sh,Pregel superstep dispatch and the harness main loop,openjiuwen core/graph/pregel/,Nothing at this layer,Jiuwen checkpointer + SwarmFlow journal,,Runtime invariants + AI4RnD run-state assertions,Supervision restarts a failed node without restarting the run,Project view - run status (read-only),P2,HIGH,SRC,,
FN-43,Foundation,Foundation Features,Harness Core,6. Failure Recovery & Resumability,"Detect failed or stale execution, retry/requeue/compensate or terminate safely, recover expired leases, replay durable state, and resume without rerunning already-passed work.","A resumed run re-executes only unfinished work, and a failed step blocks its gate rather than yielding None",AI4RnD Core,Harness Core,OpenJiuwen Runtime,Pregel / Core Workflow / SwarmFlow journal / ConcurrencyGovernor,ADAPT,Retry and resume in graph_scheduler,"Journal replay works: an interrupted run resumed with only the failed step re-executed, and a third run replayed with zero live calls",probe_r2 run2 executed only step-B; run3 executed nothing,"Reachable resume - the leader-facing swarmflow tool advertises resume_id and then rejects it, and a failed step returns None instead of failing the run",Jiuwen checkpointer + SwarmFlow journal,,Runtime invariants + AI4RnD run-state assertions,"A resumed run re-executes only unfinished work, and a failed step blocks its gate rather than yielding None",Project view - run status (read-only),P2,HIGH,EXEC,"Journal replay - OpenJiuwen Runtime, REUSE | Resume trigger reachable from the control plane - AI4RnD-Jiuwen Integration, BUILD | Failed-step detection and gate blocking - AI4RnD Core, BUILD","Two verified defects: resume_id is schema-advertised but unimplemented, and agent failure degrades to None after retries"
FN-44,Foundation,Foundation Features,Intention compilers,1. Intent Classification & Compilation Variant Selection,"Classify the request as implementation, full specification or research, and select the corresponding lane, output variant, priority and acceptance profile.",The chosen compilation variant is recorded and inspectable,AI4RnD Core,Intention Compiler,AI4RnD Core,DeepAgent (bounded),ADAPT,Intent classification in the harness intent engine,WorkflowController.intent_detection routes between execution strategies,AI4Research lib/intent_engine_adapter.py; openjiuwen workflow_controller.py,Compilation variant selection distinct from routing,AI4RnD Contract record,,Contract completeness + acceptance compilation checks,The chosen compilation variant is recorded and inspectable,Project view - Contract panel,P1,MEDIUM,SRC,,
FN-45,Foundation,Foundation Features,Intention compilers,"2. Goal, Scope and Context normalization","Extract goals, parameters, priorities, success conditions, scope and non-goals, while collecting only the relevant repository, file, attachment and historical context.",Two phrasings of one goal normalise identically,AI4RnD Core,Intention Compiler,AI4RnD Core,DeepAgent (bounded),ADAPT,Goal and scope handling in the requirement compiler,Session context provides scope,AI4Research lib/research/deepdive_requirement_compiler.py,Normalisation to a canonical Contract shape,AI4RnD Contract record,,Contract completeness + acceptance compilation checks,Two phrasings of one goal normalise identically,Project view - Contract panel,P1,MEDIUM,SRC,,
FN-46,Foundation,Foundation Features,Intention compilers,3. Ambiguity Resolution & Readiness,"Detect missing, conflicting or unclear requirements; generate the minimum necessary clarification questions; determine whether the intent is ready for planning.",A Contract reports ready or not-ready with reasons,AI4RnD Core,Intention Compiler,AI4RnD Core,DeepAgent (bounded),ADAPT,Ambiguity handling present,Interrupt mechanism available,openjiuwen workflow_config handle_type='interrupt',Readiness as a checkable state,AI4RnD Contract record,,Contract completeness + acceptance compilation checks,A Contract reports ready or not-ready with reasons,Project view - Contract panel,P1,MEDIUM,SRC,,
FN-47,Foundation,Foundation Features,Intention compilers,4. Constraint Compilation,"Convert budget, time, permission, data, security, quality and side-effect requirements into enforceable constraints, including what approvals will be required.",Every constraint compiles to a check or is rejected,AI4RnD Core,Intention Compiler,AI4RnD Core,DeepAgent (bounded),BUILD,Constraints captured informally,None at the research layer,-,Constraint compilation into executable checks,AI4RnD Contract record,,Contract completeness + acceptance compilation checks,Every constraint compiles to a check or is rejected,Project view - Contract panel,P1,MEDIUM,INF,,
FN-48,Foundation,Foundation Features,Intention compilers,5. Task Contract & Acceptance Compilation,"Produce a stable, versioned task contract containing normalized inputs and outputs, objectives, constraints, acceptance criteria and required evidence.",Acceptance criteria are machine-checkable before work starts,AI4RnD Core,Intention Compiler,AI4RnD Core,DeepAgent (bounded),ADAPT,Capsule contracts show the shape; project Contract absent,None,42/42 manifests carry contract.inputs/outputs/pre/post/invariants,Project-level Task Contract with acceptance compilation,AI4RnD Contract record,,Contract completeness + acceptance compilation checks,Acceptance criteria are machine-checkable before work starts,Project view - Contract panel,P1,HIGH,EXEC,,
FN-49,Foundation,Foundation Features,Planner,1. Task Contract Decomposition,"Interpret the validated task contract, select an appropriate planning pattern, and split the goal into bounded work units with explicit objectives, inputs, outputs and completion conditions. Also generate the planning plan text artifact for RSI.",Every task traces to a Contract clause,AI4RnD Core,Planner,AI4RnD Core,"n/a - planning emits a logical plan, execution is separate",ADAPT,Decomposition inside graph_scheduler and survey planner,None at the research layer,AI4Research lib/research/survey/planner.py,Decomposition driven by the Contract,AI4RnD TaskGraph store,,TaskGraph validation + feasibility analysis,Every task traces to a Contract clause,Project view - plan inspector,P2,MEDIUM,SRC,,
FN-50,Foundation,Foundation Features,Planner,2. TaskGraph Construction,"Compile the work units into a logical Plan IR/TaskGraph, defining dependencies, parent-child relationships, ordering, parallelizable branches and critical paths.",A plan is inspectable before any execution begins,AI4RnD Core,Planner,AI4RnD Core,"n/a - planning emits a logical plan, execution is separate",ADAPT,"TaskGraph construction in graph_scheduler (4,189 LOC)",Core Workflow and Pregel construct executable graphs,AI4Research lib/graph_scheduler.py; openjiuwen core/graph/,Separation of the logical plan from the runtime graph,AI4RnD TaskGraph store,Workflow graph,TaskGraph validation + feasibility analysis,A plan is inspectable before any execution begins,Project view - plan inspector,P2,HIGH,SRC,,
FN-51,Foundation,Foundation Features,Planner,3. TaskGraph Validation & Feasibility Analysis,"Validate schema completeness, missing dependencies, cycles, requirement coverage, scope conflicts, capability feasibility, risk, policy compliance and useful parallelism. Invalid or infeasible plans must be blocked or returned for clarification/replanning.",A plan requiring an unavailable capability fails validation,AI4RnD Core,Planner,AI4RnD Core,"n/a - planning emits a logical plan, execution is separate",ADAPT,"Validation in graph_scheduler (cycles, missing deps, duplicates)",Pregel validates node ids and forward reachability; Core Workflow validates connections,probe_r4 built and ran a conditional fan-out graph; openjiuwen graph validation,Feasibility analysis against available capabilities,AI4RnD TaskGraph store,,TaskGraph validation + feasibility analysis,A plan requiring an unavailable capability fails validation,Project view - plan inspector,P2,HIGH,EXEC,,
FN-52,Foundation,Foundation Features,Builder,1. Build Contract Interpretation,"Translate the task or build contract into implementation goals, interfaces, write scope, acceptance conditions, and prohibited changes.",A build states its acceptance before it starts,AI4RnD Core,Builder,OpenJiuwen Runtime,Code mode / worktree + DeepAgent + deterministic tools,BUILD,Build contracts implicit,None,-,Build Contract interpretation,Jiuwen worktree + AI4RnD artifact store,,AI4RnD engineering + conformance evaluators,A build states its acceptance before it starts,Project view - build panel,P4,MEDIUM,INF,,
FN-53,Foundation,Foundation Features,Builder,2. Build Preparation,"Prepare source material, dependencies, templates, data, workspace, toolchain, and pre-build readiness checks.",Build environments match the declared effects,AI4RnD Core,Builder,OpenJiuwen Runtime,Code mode / worktree + DeepAgent + deterministic tools,REUSE,Environment scripts,Worktree manager + jiuwenbox,openjiuwen agent_teams/worktree.py,Preparation driven by declared effects,Jiuwen worktree + AI4RnD artifact store,,AI4RnD engineering + conformance evaluators,Build environments match the declared effects,Project view - build panel,P4,HIGH,SRC,,
FN-54,Foundation,Foundation Features,Builder,3. Code Construction,"Create or modify deterministic source code, scripts, tests, and configuration to implement the required technical function.",Concurrent builds never share a worktree,AI4RnD Core,Builder,OpenJiuwen Runtime,Code mode / worktree + DeepAgent + deterministic tools,REUSE,Code agents,Code mode with worktree isolation,agent(options={'isolation':'worktree'}) accepted by the engine option whitelist,Construction bound to a Build Contract,Jiuwen worktree + AI4RnD artifact store,Code graph,AI4RnD engineering + conformance evaluators,Concurrent builds never share a worktree,Project view - build panel,P4,HIGH,SRC,,
FN-55,Foundation,Foundation Features,Builder,4. Model Construction,"Build, train, fine-tune, or assemble reproducible algorithmic, statistical, or machine-learning models.",Deferred with RSI-7,AI4RnD Core,Builder,OpenJiuwen Runtime,Code mode / worktree + DeepAgent + deterministic tools,DEFER,No model construction,agent_rl exists but is unreachable from the app,"openjiuwen agent_evolving/agent_rl present, no application import",Model construction pipeline,Jiuwen worktree + AI4RnD artifact store,,AI4RnD engineering + conformance evaluators,Deferred with RSI-7,Project view - build panel,P6,LOW,INF,,
FN-56,Foundation,Foundation Features,Builder,5. Experimental Asset Construction,"Build experiment code, data processing, instrumentation, environment descriptions, and run scripts.",Experiment assets are reproducible from their record,AI4RnD Core,Builder,OpenJiuwen Runtime,Code mode / worktree + DeepAgent + deterministic tools,BUILD,Experiment assets built ad hoc,None,-,Experimental asset construction as a declared step,Jiuwen worktree + AI4RnD artifact store,Dataset graph,AI4RnD engineering + conformance evaluators,Experiment assets are reproducible from their record,Project view - build panel,P4,MEDIUM,INF,,
FN-57,Foundation,Foundation Features,Builder,6. Benchmark Asset Construction,"Build benchmark datasets, harnesses, workloads, baselines, metric implementations, and comparison scripts.",Benchmark assets version with the benchmark protocol,AI4RnD Core,Builder,OpenJiuwen Runtime,Code mode / worktree + DeepAgent + deterministic tools,PORT,Benchmark asset tooling present but unwired,None,AI4Research lib/capability_fusion_benchmark.py,Wire to the benchmark lane,Jiuwen worktree + AI4RnD artifact store,Dataset graph,AI4RnD engineering + conformance evaluators,Benchmark assets version with the benchmark protocol,Project view - build panel,P4,MEDIUM,SRC,,
FN-58,Foundation,Foundation Features,Builder,7. Verification Asset Construction,"Build unit, integration, and end-to-end tests, validators, fixtures, checklists, and verification scripts.",Every claim has a verification asset,AI4RnD Core,Builder,OpenJiuwen Runtime,Code mode / worktree + DeepAgent + deterministic tools,BUILD,Verification assets implicit,None,-,Verification asset construction,Jiuwen worktree + AI4RnD artifact store,,AI4RnD engineering + conformance evaluators,Every claim has a verification asset,Project view - build panel,P4,MEDIUM,INF,,
FN-59,Foundation,Foundation Features,Builder,8. Decision Artifact Construction,"Create opportunity cards, decision records, trade-off matrices, and recommendation packets for decision-making.",A decision artifact states the evidence and the alternative rejected,AI4RnD Core,Builder,OpenJiuwen Runtime,Code mode / worktree + DeepAgent + deterministic tools,BUILD,Decision artifacts produced as prose,None,-,Decision artifact schema,Jiuwen worktree + AI4RnD artifact store,,AI4RnD engineering + conformance evaluators,A decision artifact states the evidence and the alternative rejected,Project view - build panel,P4,MEDIUM,INF,,
FN-60,Foundation,Foundation Features,Builder,9. Prototype Assembly,"Combine code, models, data, and interfaces into a bounded, runnable, and demonstrable proof of concept.",An assembled prototype passes readiness validation,AI4RnD Core,Builder,OpenJiuwen Runtime,Code mode / worktree + DeepAgent + deterministic tools,BUILD,Prototype assembly ad hoc,Worktree + code mode,openjiuwen worktree manager,Assembly as a declared step with acceptance,Jiuwen worktree + AI4RnD artifact store,,AI4RnD engineering + conformance evaluators,An assembled prototype passes readiness validation,Project view - build panel,P4,MEDIUM,INF,,
FN-61,Foundation,Foundation Features,Builder,10. Product Integration,"Integrate verified components into target product interfaces, data flows, and production-oriented operational boundaries.",Integration into a target product is recorded and reversible,AI4RnD Core,Builder,OpenJiuwen Runtime,Code mode / worktree + DeepAgent + deterministic tools,BUILD,No product integration stage,None,-,Product integration,Jiuwen worktree + AI4RnD artifact store,,AI4RnD engineering + conformance evaluators,Integration into a target product is recorded and reversible,Project view - build panel,P4,LOW,INF,,
FN-62,Foundation,Foundation Features,Builder,11. Defect Repair,"Use failure evidence to identify and repair code, configuration, contract, or integration defects and prevent regression.",A repair references the defect it closes,AI4RnD Core,Builder,OpenJiuwen Runtime,Code mode / worktree + DeepAgent + deterministic tools,REUSE,Defect repair via coding agents,Code mode with tests,openjiuwen code mode + worktree,Repair bound to a recorded defect,Jiuwen worktree + AI4RnD artifact store,,AI4RnD engineering + conformance evaluators,A repair references the defect it closes,Project view - build panel,P4,MEDIUM,SRC,,
FN-63,Foundation,Foundation Features,Builder,12. Build Evidence Generation,"Generate diffs, manifests, hashes, compile and test results, provenance, and acceptance evidence for the build.",Every build produces evidence sufficient to re-run it,AI4RnD Core,Builder,OpenJiuwen Runtime,Code mode / worktree + DeepAgent + deterministic tools,PORT,Build evidence generation in the evidence ledger,Observability spans,AI4Research lib/evidence_ledger.py executed standalone,Build evidence linked to the Build Contract,Jiuwen worktree + AI4RnD artifact store,Trace graph,AI4RnD engineering + conformance evaluators,Every build produces evidence sufficient to re-run it,Project view - build panel,P4,HIGH,EXEC,,
FN-64,Foundation,Foundation Features,Builder,13. Report/Paper/Deliverable Construction,"Create and assemble human-facing reports, papers, slides, posters, rebuttals, and narrative delivery packages.",A report cites only ledger evidence,AI4RnD Core,Builder,OpenJiuwen Runtime,Code mode / worktree + DeepAgent + deterministic tools,PORT,Report and publication capsules exist,None,"AI4Research cap.research-report-draft.yaml, cap.research-publication-produce.yaml",Deliverable construction bound to the evidence ledger,Jiuwen worktree + AI4RnD artifact store,,AI4RnD engineering + conformance evaluators,A report cites only ledger evidence,Project view - build panel,P4,MEDIUM,SRC,,
FN-65,Foundation,Foundation Features,Builder,14. Runtime Deliverable Construction,"Build executable or deployable services, packages, containers, workflow bundles, and deployment configuration.",A runtime deliverable installs and runs from its package,AI4RnD Core,Builder,OpenJiuwen Runtime,Code mode / worktree + DeepAgent + deterministic tools,BUILD,No runtime deliverable construction,Skill packaging exists,jw-src/jiuwenswarm/server/runtime/skill/skill_manager.py,Runtime deliverable packaging,Jiuwen worktree + AI4RnD artifact store,,AI4RnD engineering + conformance evaluators,A runtime deliverable installs and runs from its package,Project view - build panel,P4,LOW,INF,,
VT-01,Vertical,Vertical Features,Visibility / Statistics,1. Workflow & Platform Status Visibility,"Show workflow progress, blockers, gates, budgets, and the health of hosts, providers, queues, data sources, and other platform components without changing authoritative runtime state.",A user sees which gate a project is blocked on,AI4RnD Core,Visibility,JiuwenSwarm Application,Jiuwen observability / telemetry,EXTEND,Status server and dashboards,Web UI shows session and task status,jw-src/jiuwenswarm/gateway/channel_manager/web/,"Research-specific progress: gates, budgets, blockers",JiuwenSwarm telemetry store,,JiuwenSwarm platform tests,A user sees which gate a project is blocked on,Web UI - status and statistics,P2,MEDIUM,SRC,"Platform status - JiuwenSwarm Application, REUSE | Gate, budget and blocker view - AI4RnD Core, BUILD",
VT-02,Vertical,Vertical Features,Visibility / Statistics,2. Execution Trace Search & Inspection,"Search and inspect time-ordered requests, transitions, tool calls, approvals, failures, artifacts, decisions, and outcomes using filters for project, run, actor, and time range.",A user can find the run that produced a given claim,JiuwenSwarm Application,Visibility,JiuwenSwarm Application,Jiuwen observability / telemetry,EXTEND,Trace inspection in the harness,Observability rail emits spans; web UI shows tool calls,openjiuwen observability rail,Search across time-ordered transitions bound to claims,JiuwenSwarm telemetry store,Trace graph,JiuwenSwarm platform tests,A user can find the run that produced a given claim,Web UI - status and statistics,P2,MEDIUM,SRC,,
VT-03,Vertical,Vertical Features,Visibility / Statistics,3. Runtime status visibility,"Statistics like cpu usage, gpu usage, etc.",CPU and GPU utilisation are visible per run,JiuwenSwarm Application,Visibility,JiuwenSwarm Application,Jiuwen observability / telemetry,BUILD,Runtime stats in the status server,No CPU/GPU statistics surface,-,Host resource statistics,JiuwenSwarm telemetry store,,JiuwenSwarm platform tests,CPU and GPU utilisation are visible per run,Web UI - status and statistics,P2,MEDIUM,INF,,
VT-04,Vertical,Vertical Features,Visibility / Statistics,"4. Resource Usage, Cost & Capacity Management","Report model, compute, token, tool, storage, data, quota, human-review, budget, cost, and capacity consumption by project, experiment, capability, and time.",A project halts when its budget is exhausted,JiuwenSwarm Application,Visibility,JiuwenSwarm Application,Jiuwen observability / telemetry,EXTEND,Cost tracking in harness tooling,Token budget accounting in the workflow engine,openjiuwen workflow engine budget_total,Cost and capacity against a project budget,JiuwenSwarm telemetry store,,JiuwenSwarm platform tests,A project halts when its budget is exhausted,Web UI - status and statistics,P2,MEDIUM,SRC,,
VT-05,Vertical,Vertical Features,Installer & CLI & Webapp,1. Windows App,"Package, install, launch, update, repair, and uninstall the Windows desktop application and its supported runtime dependencies; guide first-run setup and authentication, preserve user data, and produce installation and health-check evidence.",A clean Windows install launches into research mode,JiuwenSwarm Application,Distribution,JiuwenSwarm Application,n/a - packaging and distribution,REUSE,Windows support not claimed,Packaging and installer exist,"jw-src/deploy/, install scripts",Research mode included in the package,Installed workspace on disk,,JiuwenSwarm packaging tests,A clean Windows install launches into research mode,Installer / CLI / web app,P1,MEDIUM,DOC,,
VT-06,Vertical,Vertical Features,Installer & CLI & Webapp,2. MacOS App,"Package, install, launch, update, repair, and uninstall the macOS desktop application; guide first-run permissions, runtime and provider setup, preserve user data, and verify application and backend readiness.",A clean macOS install launches into research mode,JiuwenSwarm Application,Distribution,JiuwenSwarm Application,n/a - packaging and distribution,REUSE,"macOS install scripts present (install.sh, get-solar.sh)",Packaging exists,AI4Research install.sh; jw-src/deploy/,Single installer for the combined product,Installed workspace on disk,,JiuwenSwarm packaging tests,A clean macOS install launches into research mode,Installer / CLI / web app,P1,MEDIUM,DOC,,
VT-07,Vertical,Vertical Features,Installer & CLI & Webapp,3. MacOS CLI,"Install and operate the Solar CLI on macOS, including dependency checks, PATH and configuration initialization, provider-authentication readiness, status and doctor checks, backup and restore, update and repair, and uninstall.",A project can be started and inspected from the CLI,JiuwenSwarm Application,Distribution,JiuwenSwarm Application,n/a - packaging and distribution,REUSE,CLI present (bin/),jiuwenswarm CLI exists,jw-src/jiuwenswarm/ CLI entry points,Research commands in the CLI,Installed workspace on disk,,JiuwenSwarm packaging tests,A project can be started and inspected from the CLI,Installer / CLI / web app,P1,MEDIUM,DOC,,
VT-08,Vertical,Vertical Features,Installer & CLI & Webapp,4. Linux Cli,"Install and operate the Solar CLI on supported Linux distributions, including dependency and package-manager checks, runtime and configuration initialization, service startup, status and doctor checks, backup and restore, update and repair, and uninstall.",Same as VT-07 on Linux,JiuwenSwarm Application,Distribution,JiuwenSwarm Application,n/a - packaging and distribution,REUSE,Linux CLI present,jiuwenswarm CLI exists,jw-src CLI entry points,Research commands in the CLI,Installed workspace on disk,,JiuwenSwarm packaging tests,Same as VT-07 on Linux,Installer / CLI / web app,P1,MEDIUM,DOC,,
VT-09,Vertical,Vertical Features,Installer & CLI & Webapp,5. Web Application & Status Service,"Build, serve, configure, and health-check the browser-based application and status API; connect it to authentication, configuration, workflow state, runtime visibility, and artifact views across development and packaged deployments.",The project view is reachable from the web app,JiuwenSwarm Application,Distribution,JiuwenSwarm Application,n/a - packaging and distribution,REUSE,Status server present,Web application and gateway are the product's primary surface,jw-src/jiuwenswarm/gateway/channel_manager/web/,Project routes,Installed workspace on disk,,JiuwenSwarm packaging tests,The project view is reachable from the web app,Installer / CLI / web app,P1,HIGH,SRC,,
VT-10,Vertical,Vertical Features,UI,1. CLI,"Provide a scriptable command-response interface for submitting work, inspecting status, managing lifecycle and configuration, and retrieving logs, artifacts, and evidence, with stable exit codes and human-readable or structured JSON output.",Covered by VT-07,JiuwenSwarm Application,UI shell,JiuwenSwarm Application,n/a - presentation,REUSE,CLI present,CLI present,jw-src CLI,Nothing beyond VT-07,JiuwenSwarm UI state,,JiuwenSwarm UI tests,Covered by VT-07,CLI / GUI / TUI,P1,MEDIUM,DOC,,
VT-11,Vertical,Vertical Features,UI,2. GUI,"Provide a graphical desktop or web interface for task intake, setup and configuration, workflow and gate monitoring, approval, artifact and evidence inspection, and deliverable access, including loading, empty, error, and accessibility states.",A user can run a project end to end without the CLI,JiuwenSwarm Application,UI shell,JiuwenSwarm Application,n/a - presentation,EXTEND,Web UI prototype in the AI4Research repository,"Web UI with session, skills and settings",jw-src/jiuwenswarm/gateway/channel_manager/web/,"Project view, plan inspector, evidence browser, improvements inbox",JiuwenSwarm UI state,,JiuwenSwarm UI tests,A user can run a project end to end without the CLI,CLI / GUI / TUI,P1,HIGH,SRC,,
VT-12,Vertical,Vertical Features,UI,3. TUI,"Provide an interactive terminal interface for monitoring runs, TaskGraph nodes, agents or panes, queues, gates, logs, and resource state, and for issuing explicit authorized control actions through keyboard-driven views.",Project status is visible in the TUI,JiuwenSwarm Application,UI shell,JiuwenSwarm Application,n/a - presentation,REUSE,tmux cockpit is the current TUI,jiuwenswarm-tui package exists,jw-src/packages/jiuwenswarm-tui/,Research views in the TUI,JiuwenSwarm UI state,,JiuwenSwarm UI tests,Project status is visible in the TUI,CLI / GUI / TUI,P1,MEDIUM,DOC,,
VT-13,Vertical,Vertical Features,Account management,1. Account Registration,"Create an individual product account with verified identity, accepted terms, and initial personal settings.",A user can register and the account owns their projects,External / New Product Work,Accounts,External / New Product Work,n/a - identity service,BUILD,Absent - no account registration in the repository,No account registration; sessions are not user accounts,grep account_registration across AI4Research returns 0 files,The whole account subsystem,Account/identity store (absent today),,Security review + authentication tests,A user can register and the account owns their projects,Account settings,P6,HIGH,EXEC,,
VT-14,Vertical,Vertical Features,Account management,2. Authentication & Session Security,"Support secure sign-in, sign-out, session establishment, reauthentication, recovery, session revocation, and suspicious-access visibility.",Sessions cannot be assumed by another user,External / New Product Work,Accounts,External / New Product Work,n/a - identity service,BUILD,Absent,No authentication tier for end users,No authentication module found in either tree at the product layer,Authentication and session security,Account/identity store (absent today),,Security review + authentication tests,Sessions cannot be assumed by another user,Account settings,P6,HIGH,EXEC,,Explicitly out of scope for verification here - the safeguards forbid touching authentication
VT-15,Vertical,Vertical Features,Account management,3. User Profile Management,"Manage identity, expertise, role, research preferences, notification choices, accessibility choices, and default product behavior.",A profile persists across installs,External / New Product Work,Accounts,External / New Product Work,n/a - identity service,BUILD,Absent,Absent,-,User profile management,Account/identity store (absent today),,Security review + authentication tests,A profile persists across installs,Account settings,P6,HIGH,INF,,
VT-16,Vertical,Vertical Features,Account management,4. Privacy & Personal Data Controls,"Let users inspect, export, retain, or delete personal settings and supplied data and manage consent for message-derived information.",A user can export and delete their data,External / New Product Work,Accounts,External / New Product Work,n/a - identity service,BUILD,Absent,Absent,-,Privacy and personal data controls,Account/identity store (absent today),,Security review + authentication tests,A user can export and delete their data,Account settings,P6,HIGH,INF,,
VT-17,Vertical,Vertical Features,Message Channels,1. Wechat,"Accept user-authorized WeChat article links or copied content through the supported intake path; fetch and normalize permitted content, preserve provenance, deduplicate revisions, redact sensitive data, and dispatch qualified material to ingestion.",A gate decision can be approved from WeChat,JiuwenSwarm Application,Channels,JiuwenSwarm Application,Jiuwen channel adapters,REUSE,Not present,WeChat is one of the nine supported channels,jw-src/jiuwenswarm/gateway/channel_manager/,Project notifications on the channel,JiuwenSwarm channel config + session link,,JiuwenSwarm channel integration tests,A gate decision can be approved from WeChat,Channel settings,P1,HIGH,SRC,,
VT-18,Vertical,Vertical Features,Message Channels,2. Discord,"Connect an authorized Discord workspace through a bot or application, scope guild and channel permissions, ingest permitted messages as qualified signals, deliver approved notifications, preserve provenance, and support credential revocation and audit.",Same as VT-17 on Discord,JiuwenSwarm Application,Channels,JiuwenSwarm Application,Jiuwen channel adapters,REUSE,Not present,Discord is a supported channel,jw-src/jiuwenswarm/gateway/channel_manager/,Project notifications,JiuwenSwarm channel config + session link,,JiuwenSwarm channel integration tests,Same as VT-17 on Discord,Channel settings,P1,HIGH,SRC,,
VT-19,Vertical,Vertical Features,Message Channels,3. TMUX,"Register and operate tmux sessions and panes as controlled terminal and runtime surfaces, including ownership, attach and detach, pane-state and log inspection, notifications, recovery, and isolation between runs.",Either tmux is a registered channel or its retirement is recorded,JiuwenSwarm Application,Channels,JiuwenSwarm Application,Jiuwen channel adapters,PORT,tmux is the current AI4RnD carrier,No tmux channel,AI4Research harness tmux cockpit and coordinator.sh,Decide whether tmux remains a channel or is retired with the cockpit,JiuwenSwarm channel config + session link,,JiuwenSwarm channel integration tests,Either tmux is a registered channel or its retirement is recorded,Channel settings,P1,HIGH,SRC,,"Open question: the workbook lists TMUX as a message channel, but the recommended architecture retires the tmux carrier"
VT-20,Vertical,Vertical Features,System Configurations,1. LLM Config,"Configure provider endpoints and credential references, register available models and aliases, assign role-specific model defaults, and validate the effective model-routing configuration without exposing raw secrets.",Model configuration is a single surface,JiuwenSwarm Application,Configuration,JiuwenSwarm Application,n/a - configuration,REUSE,Model config in harness config,Model pool and provider configuration in settings,openjiuwen agent_teams/models/allocator.py,Research-specific model policy,JiuwenSwarm config store,,Config schema validation,Model configuration is a single surface,Settings,P1,HIGH,SRC,,
VT-21,Vertical,Vertical Features,System Configurations,2. User Settings,"Manage persistent user-local preferences such as display identity, timezone, workspace and knowledge paths, runtime choice, search and reasoning options, UI behavior, and ingestion defaults, with validated configuration precedence.",Settings persist across restarts,JiuwenSwarm Application,Configuration,JiuwenSwarm Application,n/a - configuration,REUSE,Settings in config/,User settings in the web UI,jw-src/jiuwenswarm/resources/config.yaml,Research preferences,JiuwenSwarm config store,,Config schema validation,Settings persist across restarts,Settings,P1,MEDIUM,SRC,,
VT-22,Vertical,Vertical Features,System Configurations,3. Cost/Budget Settings,"Define and enforce token, call, monetary, compute, and storage budgets and quotas by provider, model, project, or task; track consumption, warn near limits, and block or reroute work when hard limits are reached.",A project cannot exceed its configured budget,JiuwenSwarm Application,Configuration,JiuwenSwarm Application,n/a - configuration,EXTEND,Budget policy in concurrency-policy.json,Token budget accounting exists; no user-facing budget settings,openjiuwen workflow engine budget_total,Budget settings surface and enforcement per project,JiuwenSwarm config store,,Config schema validation,A project cannot exceed its configured budget,Settings,P1,MEDIUM,SRC,,
VT-23,Vertical,Vertical Features,System Configurations,4. Cluster setting,"Declare local and remote execution hosts, host types, addresses, lifecycle settings, heartbeat and probe rules, and capacity or concurrency limits, and expose the validated cluster topology to operator binding and scheduling.",Unresolved - the workbook does not state what a cluster owns,Unresolved,Configuration,Unresolved,n/a - configuration,UNRESOLVED,actor-hosts.json describes a host fleet,Distributed team configuration exists (config.team.distributed.*.yaml),jw-src/jiuwenswarm/resources/config.team.distributed.leader.yaml,Cluster semantics for the combined product are undefined,JiuwenSwarm config store,,Config schema validation,Unresolved - the workbook does not state what a cluster owns,Settings,P1,LOW,INF,,Genuinely unresolved: 'Cluster setting' is one line in the workbook with no description of scope
